"meta";"N_LHS";"size";"kl_dimension";"N_KL_Young";"N_KL_Diam";"R2";"SI_E";"SI_E_lb";"SI_E_ub";"SI_D";"SI_D_lb";"SI_D_ub";"SI_FP";"SI_FP_lb";"SI_FP_ub";"SI_FN";"SI_FN_lb";"SI_FN_ub"
0.0000000000000000e+00;-1.0000000000000000e+00;1.0000000000000000e+03;4.8000000000000000e+01;2.6000000000000000e+01;2.0000000000000000e+01;-1.0000000000000000e+00;7.0113000000000003e-01;6.6427999999999998e-01;7.3753000000000002e-01;1.6366000000000000e-01;9.3530000000000002e-02;2.2539999999999999e-01;-2.0920000000000001e-02;-8.9670000000000000e-02;4.6859999999999999e-02;9.0959999999999999e-02;2.3460000000000002e-02;1.5653000000000000e-01
1.0000000000000000e+00;2.5000000000000000e+01;5.0000000000000000e+04;4.8000000000000000e+01;2.6000000000000000e+01;2.0000000000000000e+01;7.7365708118082410e-01;8.3487453319931226e-01;8.3148176312773603e-01;8.3785621661598997e-01;5.2566562884698111e-02;4.3554439459639882e-02;6.1109794213550069e-02;-3.3228458624826756e-03;-1.2164611249289100e-02;5.3500422055321392e-03;9.1527482162474777e-02;8.2664810940753480e-02;9.9086549540328431e-02
1.0000000000000000e+00;5.0000000000000000e+01;5.0000000000000000e+04;4.8000000000000000e+01;2.6000000000000000e+01;2.0000000000000000e+01;7.7365708118082410e-01;7.5931750394744135e-01;7.5516486944818706e-01;7.6283246297297669e-01;1.1310826027415913e-01;1.0251693712014696e-01;1.2229493783481110e-01;-2.2866980469788229e-03;-1.3024272155706298e-02;6.3740118715375953e-03;1.0519961072864749e-01;9.4831072249053364e-02;1.1396533080452716e-01
1.0000000000000000e+00;1.0000000000000000e+02;5.0000000000000000e+04;4.8000000000000000e+01;2.6000000000000000e+01;2.0000000000000000e+01;7.7365708118082410e-01;7.4439989286277053e-01;7.3965042052492991e-01;7.4834592024013225e-01;1.3371906509131654e-01;1.2403327359034551e-01;1.4410991628410577e-01;-3.1882487749517142e-03;-1.2955532176691821e-02;7.2699069508234300e-03;1.0245567703810693e-01;9.3679894739811573e-02;1.1220621617340155e-01
