"meta";"N_LHS";"size";"kl_dimension";"N_KL_Young";"N_KL_Diam";"R2";"SI_E";"SI_E_lb";"SI_E_ub";"SI_D";"SI_D_lb";"SI_D_ub";"SI_FP";"SI_FP_lb";"SI_FP_ub";"SI_FN";"SI_FN_lb";"SI_FN_ub"
0.0000000000000000e+00;-1.0000000000000000e+00;1.0000000000000000e+03;1.7000000000000000e+01;8.0000000000000000e+00;7.0000000000000000e+00;-1.0000000000000000e+00;1.8620000000000001e-02;-4.7149999999999997e-02;9.0420000000000000e-02;9.6475999999999995e-01;9.5770000000000000e-01;9.7158999999999995e-01;1.6190000000000000e-02;-4.9720000000000000e-02;8.7450000000000000e-02;2.8199999999999999e-02;-4.0289999999999999e-02;1.0255000000000000e-01
1.0000000000000000e+00;2.5000000000000000e+01;5.0000000000000000e+04;1.7000000000000000e+01;8.0000000000000000e+00;7.0000000000000000e+00;8.6467543220511256e-01;1.1536149932218237e-02;1.9335158223727120e-03;2.1558485322618077e-02;9.8717190748272798e-01;9.8691200096791287e-01;9.8738634287798832e-01;6.7611936881074751e-03;-2.9078686499228517e-03;1.6744878814074222e-02;9.5049141893631915e-03;-3.4839445765931108e-04;1.9691277294216950e-02
1.0000000000000000e+00;5.0000000000000000e+01;5.0000000000000000e+04;1.7000000000000000e+01;8.0000000000000000e+00;7.0000000000000000e+00;8.6467543220511256e-01;1.3642396683961859e-02;3.8930873810405866e-03;2.4043629958469499e-02;9.7670475315383087e-01;9.7623660678832924e-01;9.7715863482319398e-01;6.0272063662503159e-03;-3.8904636721199069e-03;1.6807317653014988e-02;1.8637033460702248e-02;9.3925957067313767e-03;2.9309343135209106e-02
1.0000000000000000e+00;1.0000000000000000e+02;5.0000000000000000e+04;1.7000000000000000e+01;8.0000000000000000e+00;7.0000000000000000e+00;8.6467543220511256e-01;1.6717155237637553e-02;5.5997437687006204e-03;2.6525113278667606e-02;9.6778849667602496e-01;9.6713665464024090e-01;9.6848931127210380e-01;4.6513520580965624e-03;-6.4311787268773995e-03;1.4640745347990236e-02;1.7854508190912038e-02;7.8024705396408196e-03;2.7735373522870570e-02
