"meta";"N_LHS";"size";"kl_dimension";"N_KL_Young";"N_KL_Diam";"R2";"SI_E";"SI_E_lb";"SI_E_ub";"SI_D";"SI_D_lb";"SI_D_ub";"SI_FP";"SI_FP_lb";"SI_FP_ub";"SI_FN";"SI_FN_lb";"SI_FN_ub"
0.0000000000000000e+00;-1.0000000000000000e+00;1.0000000000000000e+03;2.7000000000000000e+01;1.0000000000000000e+01;1.5000000000000000e+01;-1.0000000000000000e+00;-2.8200000000000000e-03;-6.1390000000000000e-02;7.3340000000000002e-02;9.5148999999999995e-01;9.4025999999999998e-01;9.6218999999999999e-01;-1.3780000000000001e-02;-7.0000000000000007e-02;5.8009999999999999e-02;2.2660000000000000e-02;-3.8070000000000000e-02;9.6509999999999999e-02
1.0000000000000000e+00;2.5000000000000000e+01;5.0000000000000000e+04;2.7000000000000000e+01;1.0000000000000000e+01;1.5000000000000000e+01;8.1780587930680826e-01;7.0185391891919286e-05;-8.9104559974921942e-03;8.9200111198395101e-03;9.8083730687115223e-01;9.8044539050348212e-01;9.8123899838124584e-01;-3.4259490503199615e-03;-1.2455936421978724e-02;5.5209702394143911e-03;6.3394883993884918e-03;-2.6391168712028234e-03;1.5382145851803301e-02
1.0000000000000000e+00;5.0000000000000000e+01;5.0000000000000000e+04;2.7000000000000000e+01;1.0000000000000000e+01;1.5000000000000000e+01;8.1780587930680826e-01;8.6623572066613780e-03;2.3472029636171366e-04;1.8476097118566428e-02;9.3849467616113913e-01;9.3730873872740106e-01;9.3971656144363114e-01;-3.2437068228646855e-03;-1.1963180686404819e-02;6.4615184768576587e-03;3.3425293344817621e-02;2.4194032877942719e-02;4.3275261080443064e-02
1.0000000000000000e+00;1.0000000000000000e+02;5.0000000000000000e+04;2.7000000000000000e+01;1.0000000000000000e+01;1.5000000000000000e+01;8.1780587930680826e-01;9.2975466991958051e-04;-9.2110924597819110e-03;1.0959281358727358e-02;9.6591456291272204e-01;9.6517139871886803e-01;9.6672803158364407e-01;-3.5053545399911278e-03;-1.4176482284986485e-02;6.7614565578818248e-03;1.9571733547020652e-02;8.9130166693692173e-03;2.9187452283697995e-02
