"meta";"N_LHS";"size";"kl_dimension";"N_KL_Young";"N_KL_Diam";"R2";"SI_E";"SI_E_lb";"SI_E_ub";"SI_D";"SI_D_lb";"SI_D_ub";"SI_FP";"SI_FP_lb";"SI_FP_ub";"SI_FN";"SI_FN_lb";"SI_FN_ub"
0.0000000000000000e+00;-1.0000000000000000e+00;1.0000000000000000e+03;1.3000000000000000e+01;6.0000000000000000e+00;5.0000000000000000e+00;-1.0000000000000000e+00;-6.3719999999999999e-02;-1.2887999999999999e-01;5.5199999999999997e-03;8.1203000000000003e-01;7.9132999999999998e-01;8.3498000000000006e-01;-6.3769999999999993e-02;-1.3128000000000001e-01;6.6200000000000000e-03;1.0886000000000000e-01;4.2259999999999999e-02;1.7455000000000001e-01
1.0000000000000000e+00;2.5000000000000000e+01;5.0000000000000000e+04;1.3000000000000000e+01;6.0000000000000000e+00;5.0000000000000000e+00;9.5593554639814438e-01;-8.9545272872003541e-05;-8.8158167624928473e-03;7.6112830024562071e-03;8.7756843606853396e-01;8.7525081353216949e-01;8.7975028546904155e-01;-1.6571387991882599e-03;-1.0309484786048664e-02;6.3342346081776248e-03;1.0262999095367581e-01;9.3146498268714198e-02;1.1155979101245779e-01
1.0000000000000000e+00;5.0000000000000000e+01;5.0000000000000000e+04;1.3000000000000000e+01;6.0000000000000000e+00;5.0000000000000000e+00;9.5593554639814438e-01;4.6689639734944543e-03;-4.8673651435975464e-03;1.4403267737396247e-02;8.4833237228073421e-01;8.4570104592312845e-01;8.5108771143799178e-01;-2.9412258806756175e-03;-1.2582175409120190e-02;6.9820768699517862e-03;1.3346914076641322e-01;1.2407650407063546e-01;1.4313976469989617e-01
1.0000000000000000e+00;1.0000000000000000e+02;5.0000000000000000e+04;1.3000000000000000e+01;6.0000000000000000e+00;5.0000000000000000e+00;9.5593554639814438e-01;2.8847685556656049e-03;-7.9502334847841062e-03;1.3027601687924287e-02;8.4974810019795421e-01;8.4692158022315256e-01;8.5279998370074195e-01;-1.5005059002719014e-03;-1.1899192461117944e-02;8.4815166262113273e-03;1.2927613286433765e-01;1.1965094753076415e-01;1.3874725069450397e-01
