"meta";"N_LHS";"size";"kl_dimension";"N_KL_Young";"N_KL_Diam";"R2";"SI_E";"SI_E_lb";"SI_E_ub";"SI_D";"SI_D_lb";"SI_D_ub";"SI_FP";"SI_FP_lb";"SI_FP_ub";"SI_FN";"SI_FN_lb";"SI_FN_ub"
0.0000000000000000e+00;-1.0000000000000000e+00;1.0000000000000000e+03;1.1000000000000000e+01;5.0000000000000000e+00;4.0000000000000000e+00;-1.0000000000000000e+00;1.2107000000000000e-01;5.0999999999999997e-02;1.9267999999999999e-01;8.3484000000000003e-01;8.1071000000000004e-01;8.5553999999999997e-01;-1.5540000000000000e-02;-9.3869999999999995e-02;5.8729999999999997e-02;-1.7389999999999999e-02;-9.5540000000000000e-02;5.8119999999999998e-02
1.0000000000000000e+00;2.5000000000000000e+01;5.0000000000000000e+04;1.1000000000000000e+01;5.0000000000000000e+00;4.0000000000000000e+00;9.6684080653450366e-01;1.3688819396624324e-01;1.2618422578941085e-01;1.4732645023337917e-01;8.5310211352953325e-01;8.5007830333915813e-01;8.5586108874303335e-01;1.0378404411431920e-03;-8.9521954297576683e-03;1.1924030703001347e-02;1.2471846880230690e-03;-8.7423377697253626e-03;1.2125389910008597e-02
1.0000000000000000e+00;5.0000000000000000e+01;5.0000000000000000e+04;1.1000000000000000e+01;5.0000000000000000e+00;4.0000000000000000e+00;9.6684080653450366e-01;1.6746064717324718e-01;1.5795761538901709e-01;1.7689813832430265e-01;8.2932301958314136e-01;8.2594921725995751e-01;8.3197634600799120e-01;2.4351218020321926e-03;-8.1429493985364018e-03;1.1645946069341523e-02;3.1537526744556668e-03;-7.3789921709601029e-03;1.2300549944147816e-02
1.0000000000000000e+00;1.0000000000000000e+02;5.0000000000000000e+04;1.1000000000000000e+01;5.0000000000000000e+00;4.0000000000000000e+00;9.6684080653450366e-01;1.5433081016738276e-01;1.4236304274166284e-01;1.6609602523080888e-01;8.4264097276069783e-01;8.3934421442897034e-01;8.4529081693015584e-01;2.1319558901776721e-03;-9.7358778092257459e-03;1.3378093638084204e-02;3.0052588133092882e-03;-8.7593324535788376e-03;1.4186714781401185e-02
