"meta";"N_LHS";"size";"kl_dimension";"N_KL_Young";"N_KL_Diam";"R2";"SI_E";"SI_E_lb";"SI_E_ub";"SI_D";"SI_D_lb";"SI_D_ub";"SI_FP";"SI_FP_lb";"SI_FP_ub";"SI_FN";"SI_FN_lb";"SI_FN_ub"
0.0000000000000000e+00;-1.0000000000000000e+00;1.0000000000000000e+03;8.7000000000000000e+01;5.9000000000000000e+01;2.6000000000000000e+01;-1.0000000000000000e+00;6.4900000000000001e-03;-6.4879999999999993e-02;6.3769999999999993e-02;9.4150000000000000e-01;9.3120000000000003e-01;9.4987999999999995e-01;4.4900000000000001e-03;-6.7379999999999995e-02;6.1830000000000003e-02;4.5580000000000002e-02;-2.8770000000000000e-02;1.1082000000000000e-01
1.0000000000000000e+00;2.5000000000000000e+01;5.0000000000000000e+04;8.7000000000000000e+01;5.9000000000000000e+01;2.6000000000000000e+01;6.7490143501246380e-01;1.2369188852478764e-02;4.2759222767064465e-03;2.1675977786153176e-02;9.9217699839017182e-01;9.9204510596696582e-01;9.9229904245379985e-01;1.0220003781518015e-02;2.2695170038502586e-03;1.9814872019332724e-02;1.0447320434509022e-02;2.4745138716823346e-03;2.0042112403979951e-02
1.0000000000000000e+00;5.0000000000000000e+01;5.0000000000000000e+04;8.7000000000000000e+01;5.9000000000000000e+01;2.6000000000000000e+01;6.7490143501246380e-01;1.0802453867388212e-02;1.2236294293216992e-03;2.1203102246453515e-02;9.7567732469479762e-01;9.7518533020802911e-01;9.7610781507593658e-01;8.3940899960281094e-03;-1.2165652538240024e-03;1.8766607089117603e-02;2.3442690625503811e-02;1.3688687765183786e-02;3.3559513069627046e-02
1.0000000000000000e+00;1.0000000000000000e+02;5.0000000000000000e+04;8.7000000000000000e+01;5.9000000000000000e+01;2.6000000000000000e+01;6.7490143501246380e-01;9.7932738217991269e-03;4.0392747081865262e-04;1.8677771941425812e-02;9.5574312847348186e-01;9.5483724527240887e-01;9.5658410153612772e-01;8.2591394993297099e-03;-1.2289575468562141e-03;1.6865862496630551e-02;4.1542582749541299e-02;3.1659226295614615e-02;5.0353608574552490e-02
