"meta";"N_LHS";"size";"kl_dimension";"N_KL_Young";"N_KL_Diam";"R2";"SI_E";"SI_E_lb";"SI_E_ub";"SI_D";"SI_D_lb";"SI_D_ub";"SI_FP";"SI_FP_lb";"SI_FP_ub";"SI_FN";"SI_FN_lb";"SI_FN_ub"
0.0000000000000000e+00;-1.0000000000000000e+00;1.0000000000000000e+03;1.0000000000000000e+01;3.0000000000000000e+00;5.0000000000000000e+00;-1.0000000000000000e+00;1.0434000000000000e-01;3.3560000000000000e-02;1.8093999999999999e-01;9.2413999999999996e-01;9.1356999999999999e-01;9.3296999999999997e-01;6.1699999999999998e-02;-9.1000000000000004e-03;1.4127000000000001e-01;7.2910000000000003e-02;-9.8999999999999999e-04;1.5337999999999999e-01
1.0000000000000000e+00;2.5000000000000000e+01;5.0000000000000000e+04;1.0000000000000000e+01;3.0000000000000000e+00;5.0000000000000000e+00;9.5301614636684273e-01;3.8545604295306145e-02;2.7530750641618959e-02;4.9580510169309568e-02;9.4899486889309870e-01;9.4790582358398512e-01;9.5011718745873930e-01;7.1421650531652368e-03;-3.1369336612991927e-03;1.7469262544075392e-02;1.8148010121454557e-02;7.6040471817935074e-03;2.8929091890619815e-02
1.0000000000000000e+00;5.0000000000000000e+01;5.0000000000000000e+04;1.0000000000000000e+01;3.0000000000000000e+00;5.0000000000000000e+00;9.5301614636684273e-01;4.6412654716660832e-02;3.6864531771161953e-02;5.6331114333276686e-02;9.3836946208619765e-01;9.3697876209660824e-01;9.3979984361491731e-01;5.6335163106981286e-03;-3.8082709264349616e-03;1.5747114960312877e-02;2.0505571427639504e-02;1.1050809945506649e-02;3.1038204060733193e-02
1.0000000000000000e+00;1.0000000000000000e+02;5.0000000000000000e+04;1.0000000000000000e+01;3.0000000000000000e+00;5.0000000000000000e+00;9.5301614636684273e-01;4.4064950589524719e-02;3.4153925420251072e-02;5.4039083779033513e-02;9.3981901981397498e-01;9.3854054995102842e-01;9.4112575709963531e-01;5.0115132527182261e-03;-3.7533513149344672e-03;1.5108791128746919e-02;2.1244708355413210e-02;1.1912865769349065e-02;3.1737781181255559e-02
