"meta";"N_LHS";"size";"kl_dimension";"N_KL_Young";"N_KL_Diam";"R2";"SI_E";"SI_E_lb";"SI_E_ub";"SI_D";"SI_D_lb";"SI_D_ub";"SI_FP";"SI_FP_lb";"SI_FP_ub";"SI_FN";"SI_FN_lb";"SI_FN_ub"
0.0000000000000000e+00;-1.0000000000000000e+00;1.0000000000000000e+03;2.9000000000000000e+01;1.6000000000000000e+01;1.1000000000000000e+01;-1.0000000000000000e+00;-6.7849999999999994e-02;-1.3933000000000001e-01;7.0600000000000003e-03;6.1123000000000005e-01;5.6423999999999996e-01;6.5512999999999999e-01;-9.1240000000000002e-02;-1.6352000000000000e-01;-1.9630000000000002e-02;2.9448000000000002e-01;2.3805999999999999e-01;3.5693000000000003e-01
1.0000000000000000e+00;2.5000000000000000e+01;5.0000000000000000e+04;2.9000000000000000e+01;1.6000000000000000e+01;1.1000000000000000e+01;8.4235456179673296e-01;7.9011097354339055e-04;-8.3877892258597837e-03;1.0087340607278502e-02;6.4554089891947741e-01;6.3928404295959007e-01;6.5193607388312502e-01;-4.0366703450693976e-03;-1.3273972396860088e-02;5.0354706924242414e-03;3.2187700148075254e-01;3.1316366539689555e-01;3.3021770414619106e-01
1.0000000000000000e+00;5.0000000000000000e+01;5.0000000000000000e+04;2.9000000000000000e+01;1.6000000000000000e+01;1.1000000000000000e+01;8.4235456179673296e-01;1.3839937818058763e-02;2.1364313217669458e-03;2.4843972136871239e-02;6.4804889950631639e-01;6.4296679775208343e-01;6.5344713498834561e-01;-1.0584518326307076e-03;-1.2467832147084256e-02;9.8286725679647760e-03;3.2306459176980584e-01;3.1403828738781786e-01;3.3181895437466785e-01
1.0000000000000000e+00;1.0000000000000000e+02;5.0000000000000000e+04;2.9000000000000000e+01;1.6000000000000000e+01;1.1000000000000000e+01;8.4235456179673296e-01;2.2877066034571771e-02;1.3584627545506198e-02;3.4058614543395739e-02;6.3437232172077540e-01;6.2823183226823032e-01;6.3978147078940728e-01;-5.3409992213477198e-04;-1.0277038350164944e-02;1.0828276517375949e-02;3.3321931261559079e-01;3.2445936083441684e-01;3.4155135560254268e-01
