"meta";"N_LHS";"size";"kl_dimension";"N_KL_Young";"N_KL_Diam";"R2";"SI_E";"SI_E_lb";"SI_E_ub";"SI_D";"SI_D_lb";"SI_D_ub";"SI_FP";"SI_FP_lb";"SI_FP_ub";"SI_FN";"SI_FN_lb";"SI_FN_ub"
0.0000000000000000e+00;-1.0000000000000000e+00;1.0000000000000000e+03;3.6000000000000000e+01;1.6000000000000000e+01;1.8000000000000000e+01;-1.0000000000000000e+00;2.1350000000000001e-02;-4.5780000000000001e-02;1.0546000000000000e-01;6.3395999999999997e-01;5.8758999999999995e-01;6.7786999999999997e-01;-2.9749999999999999e-02;-1.0014000000000001e-01;5.5849999999999997e-02;2.9208000000000001e-01;2.3241000000000001e-01;3.7306000000000000e-01
1.0000000000000000e+00;2.5000000000000000e+01;5.0000000000000000e+04;3.6000000000000000e+01;1.6000000000000000e+01;1.8000000000000000e+01;8.8737041506170766e-01;3.2343049441948567e-02;2.3093008785602349e-02;4.3030898423146405e-02;6.0012798408328971e-01;5.9428365881896561e-01;6.0614233931062256e-01;-4.2427660074209547e-03;-1.3064653234582701e-02;5.9326514774331821e-03;3.3608454005128424e-01;3.2824542934929751e-01;3.4374767296515935e-01
1.0000000000000000e+00;5.0000000000000000e+01;5.0000000000000000e+04;3.6000000000000000e+01;1.6000000000000000e+01;1.8000000000000000e+01;8.8737041506170766e-01;2.6029989823383934e-02;1.6963711059959453e-02;3.5881877135242310e-02;6.0426438863248200e-01;5.9849483359650502e-01;6.0997333586132918e-01;-5.1477110647772150e-03;-1.4532547489395245e-02;4.9144037347514736e-03;3.3748264511100645e-01;3.2894993332803935e-01;3.4469618755930925e-01
1.0000000000000000e+00;1.0000000000000000e+02;5.0000000000000000e+04;3.6000000000000000e+01;1.6000000000000000e+01;1.8000000000000000e+01;8.8737041506170766e-01;5.0785233217320695e-02;3.9733277713482416e-02;5.9603179712299149e-02;5.8933458531715555e-01;5.8358102185240512e-01;5.9435700338483199e-01;-1.6964111311465525e-03;-1.1946042640570555e-02;6.6390044712413120e-03;3.4854890943996186e-01;3.3945899790076500e-01;3.5644129637627420e-01
