"meta";"N_LHS";"size";"kl_dimension";"N_KL_Young";"N_KL_Diam";"R2";"SI_E";"SI_E_lb";"SI_E_ub";"SI_D";"SI_D_lb";"SI_D_ub";"SI_FP";"SI_FP_lb";"SI_FP_ub";"SI_FN";"SI_FN_lb";"SI_FN_ub"
0.0000000000000000e+00;-1.0000000000000000e+00;1.0000000000000000e+03;1.0000000000000000e+01;4.0000000000000000e+00;4.0000000000000000e+00;-1.0000000000000000e+00;5.1369999999999999e-02;-8.0999999999999996e-03;1.2170000000000000e-01;9.5535000000000003e-01;9.4735999999999998e-01;9.6182000000000001e-01;1.3370000000000000e-02;-4.5190000000000001e-02;7.4010000000000006e-02;1.6320000000000001e-02;-4.2160000000000003e-02;7.7609999999999998e-02
1.0000000000000000e+00;2.5000000000000000e+01;5.0000000000000000e+04;1.0000000000000000e+01;4.0000000000000000e+00;4.0000000000000000e+00;9.7190181940667708e-01;2.4343699119228544e-02;1.4882809622610632e-02;3.6156892382939940e-02;9.5686270608068025e-01;9.5604180981591835e-01;9.5767627238854802e-01;-8.7365103221734297e-03;-1.9417164904292190e-02;2.5597974591240933e-03;-3.7374377077161107e-03;-1.4770196302808866e-02;7.9640361381445503e-03
1.0000000000000000e+00;5.0000000000000000e+01;5.0000000000000000e+04;1.0000000000000000e+01;4.0000000000000000e+00;4.0000000000000000e+00;9.7190181940667708e-01;3.1265103806247918e-02;2.0733622380949376e-02;4.3106648270890620e-02;9.4973714422838418e-01;9.4877351016468170e-01;9.5073498588099736e-01;-9.3655034887030041e-03;-2.0278761785355644e-02;2.7416741615142086e-03;-2.7485137393208530e-03;-1.3551883358002810e-02;8.9401183118573303e-03
1.0000000000000000e+00;1.0000000000000000e+02;5.0000000000000000e+04;1.0000000000000000e+01;4.0000000000000000e+00;4.0000000000000000e+00;9.7190181940667708e-01;2.8613883641143031e-02;1.8116027184354622e-02;3.8774165734516614e-02;9.5543701222051913e-01;9.5460153983041407e-01;9.5627965914246538e-01;-9.1889362084097669e-03;-1.9671509827920940e-02;1.2542172721882210e-04;-4.0678127823942757e-03;-1.4510997310606177e-02;5.3724004826976113e-03
