"meta";"N_LHS";"size";"kl_dimension";"N_KL_Young";"N_KL_Diam";"R2";"SI_E";"SI_E_lb";"SI_E_ub";"SI_D";"SI_D_lb";"SI_D_ub";"SI_FP";"SI_FP_lb";"SI_FP_ub";"SI_FN";"SI_FN_lb";"SI_FN_ub"
0.0000000000000000e+00;-1.0000000000000000e+00;1.0000000000000000e+03;3.6000000000000000e+01;1.5000000000000000e+01;1.9000000000000000e+01;-1.0000000000000000e+00;2.0921999999999999e-01;1.4263000000000001e-01;2.8430000000000000e-01;7.2277000000000002e-01;6.7567999999999995e-01;7.6587000000000005e-01;-3.8660000000000000e-02;-1.0113999999999999e-01;3.3950000000000001e-02;-2.0119999999999999e-02;-8.5230000000000000e-02;5.6309999999999999e-02
1.0000000000000000e+00;2.5000000000000000e+01;5.0000000000000000e+04;3.6000000000000000e+01;1.5000000000000000e+01;1.9000000000000000e+01;8.2900637932676191e-01;1.9361077761830348e-01;1.8296324074357573e-01;2.0384140623115052e-01;7.9022370903281103e-01;7.8626482627278360e-01;7.9386683286061621e-01;2.7543758566559804e-03;-8.0076129719369206e-03;1.2570240222752146e-02;2.8643387771776023e-03;-7.8930675534573721e-03;1.2623778390691190e-02
1.0000000000000000e+00;5.0000000000000000e+01;5.0000000000000000e+04;3.6000000000000000e+01;1.5000000000000000e+01;1.9000000000000000e+01;8.2900637932676191e-01;2.9990343724914115e-01;2.9160655170869698e-01;3.0811835017549977e-01;6.8841902724150150e-01;6.8302302219028921e-01;6.9385503357803380e-01;3.3528827527467427e-03;-6.0380886171039179e-03;1.2126292639007590e-02;6.3705933901083136e-03;-3.1659156668682044e-03;1.5204247344839977e-02
1.0000000000000000e+00;1.0000000000000000e+02;5.0000000000000000e+04;3.6000000000000000e+01;1.5000000000000000e+01;1.9000000000000000e+01;8.2900637932676191e-01;2.5016552231299782e-01;2.4092259606043800e-01;2.5865405646597123e-01;7.2916667551017700e-01;7.2481762098203883e-01;7.3396536041819982e-01;2.9498335139657426e-03;-6.5693583557455450e-03;1.1104738588917969e-02;1.8587614438037435e-02;9.2489991646392232e-03;2.6960653801253176e-02
