"meta";"N_LHS";"size";"kl_dimension";"N_KL_Young";"N_KL_Diam";"R2";"SI_E";"SI_E_lb";"SI_E_ub";"SI_D";"SI_D_lb";"SI_D_ub";"SI_FP";"SI_FP_lb";"SI_FP_ub";"SI_FN";"SI_FN_lb";"SI_FN_ub"
0.0000000000000000e+00;-1.0000000000000000e+00;1.0000000000000000e+03;2.0000000000000000e+01;5.0000000000000000e+00;1.3000000000000000e+01;-1.0000000000000000e+00;1.9200000000000000e-03;-5.8590000000000003e-02;7.0499999999999993e-02;9.0612999999999999e-01;8.8758000000000004e-01;9.2495000000000005e-01;-6.7799999999999996e-03;-6.8229999999999999e-02;5.9180000000000003e-02;4.8649999999999999e-02;-1.9900000000000001e-02;1.2456000000000000e-01
1.0000000000000000e+00;2.5000000000000000e+01;5.0000000000000000e+04;2.0000000000000000e+01;5.0000000000000000e+00;1.3000000000000000e+01;8.7776504118713461e-01;4.4057027686008896e-03;-5.8603259455006079e-03;1.4454157831866781e-02;8.9782067130878584e-01;8.9599217834928957e-01;8.9980095571359753e-01;2.1192192190769609e-03;-7.9835391476853167e-03;1.2071392208685496e-02;8.7312635263640484e-02;7.6541537108782948e-02;9.8022625812220376e-02
1.0000000000000000e+00;5.0000000000000000e+01;5.0000000000000000e+04;2.0000000000000000e+01;5.0000000000000000e+00;1.3000000000000000e+01;8.7776504118713461e-01;1.0100181041600154e-02;7.5219176336945547e-04;1.8522469186096790e-02;9.1892214941988004e-01;9.1702592090244450e-01;9.2062618020548259e-01;3.1005500578038824e-03;-6.3488965549513077e-03;1.0991821439977369e-02;6.8696243828762035e-02;5.7547454926116667e-02;7.8053699681008268e-02
1.0000000000000000e+00;1.0000000000000000e+02;5.0000000000000000e+04;2.0000000000000000e+01;5.0000000000000000e+00;1.3000000000000000e+01;8.7776504118713461e-01;1.8157097016573833e-02;7.3319054091949692e-03;2.8519288756428889e-02;9.0079331077728109e-01;8.9874278358817949e-01;9.0260325683890541e-01;3.4854277488686825e-03;-6.8471845141219448e-03;1.3897070147233088e-02;7.8803300138992838e-02;6.8349203293822963e-02;8.8425153232543754e-02
