"meta";"N_LHS";"size";"kl_dimension";"N_KL_Young";"N_KL_Diam";"R2";"SI_E";"SI_E_lb";"SI_E_ub";"SI_D";"SI_D_lb";"SI_D_ub";"SI_FP";"SI_FP_lb";"SI_FP_ub";"SI_FN";"SI_FN_lb";"SI_FN_ub"
0.0000000000000000e+00;-1.0000000000000000e+00;1.0000000000000000e+03;1.4000000000000000e+01;6.0000000000000000e+00;6.0000000000000000e+00;-1.0000000000000000e+00;-1.1129999999999999e-02;-8.5480000000000000e-02;5.4530000000000002e-02;8.7075999999999998e-01;8.4946999999999995e-01;8.9058999999999999e-01;-1.1500000000000000e-02;-8.5699999999999998e-02;5.3949999999999998e-02;7.9890000000000003e-02;7.9200000000000000e-03;1.5257000000000001e-01
1.0000000000000000e+00;2.5000000000000000e+01;5.0000000000000000e+04;1.4000000000000000e+01;6.0000000000000000e+00;6.0000000000000000e+00;9.5168354315119708e-01;1.1642952860102991e-03;-9.4589815798176817e-03;1.1377804421764769e-02;8.6874665864400336e-01;8.6679738670967565e-01;8.7051860901607248e-01;-5.1405365931064936e-04;-1.0900914920984706e-02;9.5637268615055750e-03;1.1472401901933574e-01;1.0409513398141827e-01;1.2413846323681726e-01
1.0000000000000000e+00;5.0000000000000000e+01;5.0000000000000000e+04;1.4000000000000000e+01;6.0000000000000000e+00;6.0000000000000000e+00;9.5168354315119708e-01;-2.1898809307603455e-03;-1.3091811417409612e-02;6.1065805112253948e-03;8.9175487277419929e-01;8.8969370675308213e-01;8.9385124079259304e-01;-2.7504018209394908e-03;-1.3697182868849708e-02;5.5356815625786544e-03;9.5960393328632973e-02;8.6057221935829195e-02;1.0452197853325822e-01
1.0000000000000000e+00;1.0000000000000000e+02;5.0000000000000000e+04;1.4000000000000000e+01;6.0000000000000000e+00;6.0000000000000000e+00;9.5168354315119708e-01;-2.9005117810435316e-03;-1.4539678341307545e-02;7.7813838354800647e-03;8.8333545965261884e-01;8.8046321827270679e-01;8.8593383579539098e-01;-2.9921462487230736e-03;-1.4765456301071078e-02;7.7719305658321049e-03;1.0598017082153599e-01;9.4066679311289161e-02;1.1535173728795689e-01
