"meta";"N_LHS";"size";"kl_dimension";"N_KL_Young";"N_KL_Diam";"R2";"SI_E";"SI_E_lb";"SI_E_ub";"SI_D";"SI_D_lb";"SI_D_ub";"SI_FP";"SI_FP_lb";"SI_FP_ub";"SI_FN";"SI_FN_lb";"SI_FN_ub"
0.0000000000000000e+00;-1.0000000000000000e+00;1.0000000000000000e+03;1.5000000000000000e+01;7.0000000000000000e+00;6.0000000000000000e+00;-1.0000000000000000e+00;1.2421000000000000e-01;4.5650000000000003e-02;2.0172000000000001e-01;8.9498000000000000e-01;8.8285999999999998e-01;9.0932999999999997e-01;3.0020000000000002e-02;-4.3779999999999999e-02;1.1053000000000000e-01;3.4500000000000003e-02;-4.0559999999999999e-02;1.1491000000000000e-01
1.0000000000000000e+00;2.5000000000000000e+01;5.0000000000000000e+04;1.5000000000000000e+01;7.0000000000000000e+00;6.0000000000000000e+00;9.3233003643138501e-01;7.8044100434125824e-02;6.9054246929571517e-02;8.9778404494143829e-02;9.1399044029204157e-01;9.1254968353092580e-01;9.1560857117605532e-01;-2.4266873670390266e-04;-9.1473101982305297e-03;1.0304854634968292e-02;1.0446905830932046e-03;-7.8648138201116956e-03;1.1620753904515427e-02
1.0000000000000000e+00;5.0000000000000000e+01;5.0000000000000000e+04;1.5000000000000000e+01;7.0000000000000000e+00;6.0000000000000000e+00;9.3233003643138501e-01;1.0195487286716287e-01;9.2768658381640917e-02;1.1262994669297843e-01;8.9020819937851359e-01;8.8807686012969544e-01;8.9237207889891823e-01;-2.6802886767832278e-03;-1.1950948208333577e-02;8.0701793375098849e-03;1.8955474989255036e-03;-7.3000659650307087e-03;1.2894339379326884e-02
1.0000000000000000e+00;1.0000000000000000e+02;5.0000000000000000e+04;1.5000000000000000e+01;7.0000000000000000e+00;6.0000000000000000e+00;9.3233003643138501e-01;1.0323034792246069e-01;9.3092530099603776e-02;1.1287516663975357e-01;8.9061218696102928e-01;8.8886011208862103e-01;8.9287912510780387e-01;-2.4268638850966692e-03;-1.1629950276269183e-02;7.5846491566397747e-03;1.8869398702373791e-03;-7.4885526631592383e-03;1.2038027592911267e-02
