"meta";"N_LHS";"size";"kl_dimension";"N_KL_Young";"N_KL_Diam";"R2";"SI_E";"SI_E_lb";"SI_E_ub";"SI_D";"SI_D_lb";"SI_D_ub";"SI_FP";"SI_FP_lb";"SI_FP_ub";"SI_FN";"SI_FN_lb";"SI_FN_ub"
0.0000000000000000e+00;-1.0000000000000000e+00;1.0000000000000000e+03;1.1000000000000000e+01;5.0000000000000000e+00;4.0000000000000000e+00;-1.0000000000000000e+00;6.3640000000000002e-02;-5.0099999999999997e-03;1.3869999999999999e-01;8.8704000000000005e-01;8.6946000000000001e-01;9.0293000000000001e-01;-1.7080000000000001e-02;-9.2649999999999996e-02;6.1839999999999999e-02;-1.7670000000000002e-02;-9.2869999999999994e-02;6.1170000000000002e-02
1.0000000000000000e+00;2.5000000000000000e+01;5.0000000000000000e+04;1.1000000000000000e+01;5.0000000000000000e+00;4.0000000000000000e+00;9.5654573159809242e-01;8.3824181854411844e-02;7.2979475707581953e-02;9.4299624941403717e-02;9.0552742905177053e-01;9.0332952602901884e-01;9.0755311506115766e-01;8.7503962458107499e-04;-9.0743838860113078e-03;1.1614975023955035e-02;1.5261531289716798e-03;-8.4905456396704732e-03;1.2219883309402962e-02
1.0000000000000000e+00;5.0000000000000000e+01;5.0000000000000000e+04;1.1000000000000000e+01;5.0000000000000000e+00;4.0000000000000000e+00;9.5654573159809242e-01;1.0718321070867658e-01;9.7260391381373573e-02;1.1697244433182531e-01;8.8620382856409152e-01;8.8376892739181245e-01;8.8808519596858937e-01;2.1326034765998974e-03;-8.5332707818997870e-03;1.1701269924959325e-02;4.1436261856309369e-03;-6.6364750407581028e-03;1.3723985568398066e-02
1.0000000000000000e+00;1.0000000000000000e+02;5.0000000000000000e+04;1.1000000000000000e+01;5.0000000000000000e+00;4.0000000000000000e+00;9.5654573159809242e-01;9.7583818620427559e-02;8.5601321583847131e-02;1.0961452080578660e-01;8.9664322179616640e-01;8.9430542399957258e-01;8.9857757344059208e-01;1.8074498273200740e-03;-9.9279657047409934e-03;1.3113689433289912e-02;3.7385521545713202e-03;-8.0901491167189588e-03;1.5124634528874878e-02
