"meta";"N_LHS";"size";"kl_dimension";"N_KL_Young";"N_KL_Diam";"R2";"SI_E";"SI_E_lb";"SI_E_ub";"SI_D";"SI_D_lb";"SI_D_ub";"SI_FP";"SI_FP_lb";"SI_FP_ub";"SI_FN";"SI_FN_lb";"SI_FN_ub"
0.0000000000000000e+00;-1.0000000000000000e+00;1.0000000000000000e+03;6.5000000000000000e+01;3.0000000000000000e+01;3.3000000000000000e+01;-1.0000000000000000e+00;2.2300000000000002e-03;-8.0740000000000006e-02;7.0739999999999997e-02;9.7621000000000002e-01;9.7221000000000002e-01;9.7960000000000003e-01;-1.8799999999999999e-03;-8.5019999999999998e-02;6.6729999999999998e-02;9.2399999999999999e-03;-7.2819999999999996e-02;7.7320000000000000e-02
1.0000000000000000e+00;2.5000000000000000e+01;5.0000000000000000e+04;6.5000000000000000e+01;3.0000000000000000e+01;3.3000000000000000e+01;8.1903000118101188e-01;8.8691847730424593e-04;-8.5553857947371428e-03;1.0446958310609152e-02;9.8945737048269611e-01;9.8921369468940790e-01;9.8971631559490014e-01;-4.3296804898922039e-03;-1.3958161918798300e-02;5.6152369400089995e-03;-4.2061560308096508e-03;-1.3768237990710913e-02;5.7035230124625235e-03
1.0000000000000000e+00;5.0000000000000000e+01;5.0000000000000000e+04;6.5000000000000000e+01;3.0000000000000000e+01;3.3000000000000000e+01;8.1903000118101188e-01;1.6027940971207249e-03;-7.0722024705996275e-03;1.0065617317028840e-02;9.8481512909137958e-01;9.8448937132855208e-01;9.8511014708226097e-01;-1.3448958758469120e-03;-1.0079916505127233e-02;7.0857426624591916e-03;5.6171197311894443e-03;-3.2436718060152490e-03;1.4203037117815958e-02
1.0000000000000000e+00;1.0000000000000000e+02;5.0000000000000000e+04;6.5000000000000000e+01;3.0000000000000000e+01;3.3000000000000000e+01;8.1903000118101188e-01;7.7072584936854619e-04;-1.0368476590701992e-02;9.6998705357578523e-03;9.9159491258717869e-01;9.9142962355003739e-01;9.9176796968295999e-01;-1.9608908811365512e-03;-1.2845055041300417e-02;6.6720532328818256e-03;6.5068563478904004e-04;-9.9782789727965292e-03;9.4016074126771782e-03
