"meta";"N_LHS";"size";"kl_dimension";"N_KL_Young";"N_KL_Diam";"R2";"SI_E";"SI_E_lb";"SI_E_ub";"SI_D";"SI_D_lb";"SI_D_ub";"SI_FP";"SI_FP_lb";"SI_FP_ub";"SI_FN";"SI_FN_lb";"SI_FN_ub"
0.0000000000000000e+00;-1.0000000000000000e+00;1.0000000000000000e+03;1.5900000000000000e+02;7.1000000000000000e+01;8.6000000000000000e+01;-1.0000000000000000e+00;2.5930000000000002e-02;-5.0950000000000002e-02;9.9470000000000003e-02;9.2884000000000000e-01;9.1762999999999995e-01;9.3837999999999999e-01;-1.0170000000000000e-02;-8.1629999999999994e-02;5.8659999999999997e-02;1.6330000000000001e-02;-5.4859999999999999e-02;8.3650000000000002e-02
1.0000000000000000e+00;2.5000000000000000e+01;5.0000000000000000e+04;1.5900000000000000e+02;7.1000000000000000e+01;8.6000000000000000e+01;-1.4243059444354333e-03;-3.4190495274943056e-03;-9.8197029163581959e-02;6.5009579179293953e-02;2.0854361369592775e-01;1.7789511122543220e-01;2.4539362127305478e-01;-1.5204454178912160e-03;-7.8256980881014678e-03;4.4726245255333587e-03;-1.5093273636943446e-03;-7.7941316671512311e-03;4.3440797822510389e-03
1.0000000000000000e+00;5.0000000000000000e+01;5.0000000000000000e+04;1.5900000000000000e+02;7.1000000000000000e+01;8.6000000000000000e+01;-1.4243059444354333e-03;1.7935932761649746e-03;-8.1516513313753206e-03;1.1467778367967533e-02;9.9380595919997972e-01;9.9369163625820456e-01;9.9389419131718837e-01;-5.4435697587415136e-05;-9.9136893226320650e-03;9.6467713279345061e-03;1.7523041614548008e-05;-9.8405022815486638e-03;9.7491308970073364e-03
1.0000000000000000e+00;1.0000000000000000e+02;5.0000000000000000e+04;1.5900000000000000e+02;7.1000000000000000e+01;8.6000000000000000e+01;-1.4243059444354333e-03;7.5399609196662590e-03;-3.1404403503663566e-03;1.8554664848727080e-02;9.7383806496391612e-01;9.7337583112101900e-01;9.7427208512495977e-01;-2.2519075188024988e-03;-1.3075483551892308e-02;8.7638738696249070e-03;9.4078114364681172e-03;-1.1936291102783480e-03;2.0170983884442249e-02
