"meta";"N_LHS";"size";"kl_dimension";"N_KL_Young";"N_KL_Diam";"R2";"SI_E";"SI_E_lb";"SI_E_ub";"SI_D";"SI_D_lb";"SI_D_ub";"SI_FP";"SI_FP_lb";"SI_FP_ub";"SI_FN";"SI_FN_lb";"SI_FN_ub"
0.0000000000000000e+00;-1.0000000000000000e+00;1.0000000000000000e+03;1.5000000000000000e+01;6.0000000000000000e+00;7.0000000000000000e+00;-1.0000000000000000e+00;3.4639999999999997e-02;-2.9770000000000001e-02;1.0108000000000000e-01;8.9015999999999995e-01;8.7412000000000001e-01;9.0813999999999995e-01;-1.5580000000000000e-02;-7.8219999999999998e-02;5.1720000000000002e-02;1.0860000000000000e-02;-5.7799999999999997e-02;8.0629999999999993e-02
1.0000000000000000e+00;2.5000000000000000e+01;5.0000000000000000e+04;1.5000000000000000e+01;6.0000000000000000e+00;7.0000000000000000e+00;8.0646302272383652e-01;1.8164018562422411e-02;8.1100041635177155e-03;2.8372900804771277e-02;9.5872652563165994e-01;9.5797103736801126e-01;9.5948544827840998e-01;-3.3999810067792709e-04;-1.0276590712453761e-02;9.7239300701800098e-03;6.3151778498080928e-03;-3.6606978448644554e-03;1.6090272764130130e-02
1.0000000000000000e+00;5.0000000000000000e+01;5.0000000000000000e+04;1.5000000000000000e+01;6.0000000000000000e+00;7.0000000000000000e+00;8.0646302272383652e-01;5.4104701796185331e-02;4.5606586893297725e-02;6.2380815238601450e-02;9.0569423041884745e-01;9.0358647088126087e-01;9.0762097277647680e-01;-2.4074602924476149e-03;-1.1030762656840939e-02;6.3035316981592034e-03;2.4671242056899422e-02;1.5893334453282695e-02;3.2903582492954622e-02
1.0000000000000000e+00;1.0000000000000000e+02;5.0000000000000000e+04;1.5000000000000000e+01;6.0000000000000000e+00;7.0000000000000000e+00;8.0646302272383652e-01;4.6065040112541117e-02;3.5005672237227323e-02;5.6360032288900526e-02;9.2033336969501678e-01;9.1795456672063003e-01;9.2282249391777704e-01;-3.9864774150628500e-03;-1.4530586388226319e-02;6.2070325742276718e-03;1.7479250146802617e-02;6.9065155289833695e-03;2.7661339299024215e-02
