"meta";"N_LHS";"size";"kl_dimension";"N_KL_Young";"N_KL_Diam";"R2";"SI_E";"SI_E_lb";"SI_E_ub";"SI_D";"SI_D_lb";"SI_D_ub";"SI_FP";"SI_FP_lb";"SI_FP_ub";"SI_FN";"SI_FN_lb";"SI_FN_ub"
0.0000000000000000e+00;-1.0000000000000000e+00;1.0000000000000000e+03;9.0000000000000000e+01;4.6000000000000000e+01;4.2000000000000000e+01;-1.0000000000000000e+00;5.6698000000000004e-01;5.1831000000000005e-01;6.2177000000000004e-01;-2.6440000000000002e-02;-1.0587000000000001e-01;5.0139999999999997e-02;-2.4199999999999999e-02;-1.0365000000000001e-01;5.3199999999999997e-02;3.7706000000000001e-01;3.2727000000000001e-01;4.4097999999999998e-01
1.0000000000000000e+00;2.5000000000000000e+01;5.0000000000000000e+04;9.0000000000000000e+01;4.6000000000000000e+01;4.2000000000000000e+01;6.7611140139655013e-01;5.2430474599054222e-01;5.1659912270245201e-01;5.3049597305268237e-01;1.9442201982394136e-03;-9.2096982453544196e-03;1.0969488675552584e-02;-2.0918132325659398e-04;-1.1261307037244435e-02;8.9208716197518145e-03;4.2981823162605481e-01;4.2082982185905865e-01;4.3745777227225441e-01
1.0000000000000000e+00;5.0000000000000000e+01;5.0000000000000000e+04;9.0000000000000000e+01;4.6000000000000000e+01;4.2000000000000000e+01;6.7611140139655013e-01;5.5473120924377317e-01;5.4838423178527684e-01;5.6085893957462418e-01;8.6266030369356391e-04;-9.8262747304373160e-03;1.1157190076799840e-02;-6.6341015144734991e-04;-1.1349662368005218e-02;9.7072073975994592e-03;4.1816057142619167e-01;4.1017366477268519e-01;4.2781404763476499e-01
1.0000000000000000e+00;1.0000000000000000e+02;5.0000000000000000e+04;9.0000000000000000e+01;4.6000000000000000e+01;4.2000000000000000e+01;6.7611140139655013e-01;5.9361483778112378e-01;5.8814780292130797e-01;5.9892944548976146e-01;5.0339761961197710e-05;-1.0509753466505643e-02;1.0380613930575726e-02;-1.5475543774867949e-03;-1.2085032424379716e-02;8.9218006218161321e-03;3.9375113035577453e-01;3.8508224976430433e-01;4.0243844373161308e-01
