"meta";"N_LHS";"size";"kl_dimension";"N_KL_Young";"N_KL_Diam";"R2";"SI_E";"SI_E_lb";"SI_E_ub";"SI_D";"SI_D_lb";"SI_D_ub";"SI_FP";"SI_FP_lb";"SI_FP_ub";"SI_FN";"SI_FN_lb";"SI_FN_ub"
0.0000000000000000e+00;-1.0000000000000000e+00;1.0000000000000000e+03;1.6000000000000000e+01;1.0000000000000000e+01;4.0000000000000000e+00;-1.0000000000000000e+00;7.0360000000000006e-02;-4.7099999999999998e-03;1.2686000000000000e-01;8.7156000000000000e-01;8.5324000000000000e-01;8.8939999999999997e-01;-5.1100000000000000e-03;-7.5249999999999997e-02;5.6910000000000002e-02;3.9019999999999999e-02;-3.4889999999999997e-02;1.0897000000000000e-01
1.0000000000000000e+00;2.5000000000000000e+01;5.0000000000000000e+04;1.6000000000000000e+01;1.0000000000000000e+01;4.0000000000000000e+00;9.2913431019260662e-01;5.0049076837739265e-02;4.1731359429225012e-02;6.0703494400402111e-02;8.9601283566677969e-01;8.9405076565453212e-01;8.9774256315086709e-01;-3.4576118144028071e-03;-1.1881161896751901e-02;6.7232770679222648e-03;2.5875373999894508e-02;1.7156038115162524e-02;3.5903714043057956e-02
1.0000000000000000e+00;5.0000000000000000e+01;5.0000000000000000e+04;1.6000000000000000e+01;1.0000000000000000e+01;4.0000000000000000e+00;9.2913431019260662e-01;5.6954605959345053e-02;4.6628310938340245e-02;6.7228115392350449e-02;8.8899829516534945e-01;8.8660339940834321e-01;8.9128994775440906e-01;-4.8947861930623638e-03;-1.5764781452359301e-02;5.6815123883935323e-03;3.2137980533882470e-02;2.1865949181731598e-02;4.2959376512302992e-02
1.0000000000000000e+00;1.0000000000000000e+02;5.0000000000000000e+04;1.6000000000000000e+01;1.0000000000000000e+01;4.0000000000000000e+00;9.2913431019260662e-01;5.3308835620892336e-02;4.3188883185184837e-02;6.4694878990202404e-02;8.9228938716617945e-01;8.9002065862951174e-01;8.9482041803711920e-01;-5.6983885593142308e-03;-1.5927289407631169e-02;5.6994107389507021e-03;3.5439953248208568e-02;2.5262784583694083e-02;4.5709565381136574e-02
