"meta";"N_LHS";"size";"kl_dimension";"N_KL_Young";"N_KL_Diam";"R2";"SI_E";"SI_E_lb";"SI_E_ub";"SI_D";"SI_D_lb";"SI_D_ub";"SI_FP";"SI_FP_lb";"SI_FP_ub";"SI_FN";"SI_FN_lb";"SI_FN_ub"
0.0000000000000000e+00;-1.0000000000000000e+00;1.0000000000000000e+03;2.3000000000000000e+01;6.0000000000000000e+00;1.5000000000000000e+01;-1.0000000000000000e+00;1.9131999999999999e-01;1.1329000000000000e-01;2.7439999999999998e-01;1.1780000000000000e-01;4.3380000000000002e-02;1.9001999999999999e-01;6.0859999999999997e-02;-1.1469999999999999e-02;1.3149000000000000e-01;7.6160000000000005e-01;7.3250999999999999e-01;7.8886000000000001e-01
1.0000000000000000e+00;2.5000000000000000e+01;5.0000000000000000e+04;2.3000000000000000e+01;6.0000000000000000e+00;1.5000000000000000e+01;8.5525881025757688e-01;8.6334678099666579e-02;7.7993726596122567e-02;9.5692998821529832e-02;4.6940628518278987e-02;3.8882217203103170e-02;5.5584167077589473e-02;4.4692041085721730e-03;-3.0354485512272410e-03;1.3360688062107934e-02;8.5438848809366763e-01;8.5187413370753950e-01;8.5713275248781395e-01
1.0000000000000000e+00;5.0000000000000000e+01;5.0000000000000000e+04;2.3000000000000000e+01;6.0000000000000000e+00;1.5000000000000000e+01;8.5525881025757688e-01;1.3849590635621803e-01;1.2767081830900143e-01;1.4675434262984227e-01;8.6427017627482325e-02;7.6396232595661459e-02;9.4524739599337590e-02;3.9231544144262866e-03;-7.5193140271591968e-03;1.2330418662569769e-02;7.7161037713782810e-01;7.6759448086725934e-01;7.7574920815933146e-01
1.0000000000000000e+00;1.0000000000000000e+02;5.0000000000000000e+04;2.3000000000000000e+01;6.0000000000000000e+00;1.5000000000000000e+01;8.5525881025757688e-01;1.4116202992811172e-01;1.3134951739412964e-01;1.5092423588473527e-01;8.9224214691014769e-02;8.0192169578047659e-02;9.8944356453341931e-02;1.0479759431799320e-02;1.2112569707245569e-03;2.0871374792594759e-02;7.6181624607731013e-01;7.5787526980250941e-01;7.6557012453914930e-01
