"meta";"N_LHS";"size";"kl_dimension";"N_KL_Young";"N_KL_Diam";"R2";"SI_E";"SI_E_lb";"SI_E_ub";"SI_D";"SI_D_lb";"SI_D_ub";"SI_FP";"SI_FP_lb";"SI_FP_ub";"SI_FN";"SI_FN_lb";"SI_FN_ub"
0.0000000000000000e+00;-1.0000000000000000e+00;1.0000000000000000e+03;1.4600000000000000e+02;7.5000000000000000e+01;6.9000000000000000e+01;-1.0000000000000000e+00;9.3719999999999998e-02;1.7770000000000001e-02;1.5847000000000000e-01;7.0440999999999998e-01;6.6678000000000004e-01;7.3414999999999997e-01;-4.8199999999999996e-03;-8.6870000000000003e-02;6.5150000000000000e-02;1.6816000000000000e-01;9.2289999999999997e-02;2.3449000000000000e-01
1.0000000000000000e+00;2.5000000000000000e+01;5.0000000000000000e+04;1.4600000000000000e+02;7.5000000000000000e+01;6.9000000000000000e+01;-1.7659049247598091e-04;1.4835328934175437e-01;7.1005216027445278e-02;2.5984178325542284e-01;4.8807440851898190e-03;9.7612132977507480e-04;9.8305987740509027e-03;-1.3104151349489362e-03;-4.1931863551707910e-03;1.3412152082040774e-03;-1.1044320803819902e-03;-4.1667874455448466e-03;1.9379681221975225e-03
1.0000000000000000e+00;5.0000000000000000e+01;5.0000000000000000e+04;1.4600000000000000e+02;7.5000000000000000e+01;6.9000000000000000e+01;-1.7659049247598091e-04;-4.0560893885457379e-04;-5.7703171395624532e-03;3.1659692929659781e-03;2.2666127523083258e-02;-7.5108183777407257e-03;6.6089020521632416e-02;-5.3401245637753336e-04;-1.5542193661786338e-03;4.2037973510243186e-04;-5.3562613547395387e-04;-1.5580170468139890e-03;4.2157267029167118e-04
1.0000000000000000e+00;1.0000000000000000e+02;5.0000000000000000e+04;1.4600000000000000e+02;7.5000000000000000e+01;6.9000000000000000e+01;-1.7659049247598091e-04;7.4542240313740904e-02;6.3710295831942820e-02;8.5011374500562634e-02;7.4743714913476922e-01;7.4317858678472160e-01;7.5202112152773626e-01;1.2573711395945019e-03;-9.0811082108607829e-03;1.2054679158953967e-02;1.5943857664055466e-01;1.5108096744304902e-01;1.6973923074675037e-01
