"meta";"N_LHS";"size";"kl_dimension";"N_KL_Young";"N_KL_Diam";"R2";"SI_E";"SI_E_lb";"SI_E_ub";"SI_D";"SI_D_lb";"SI_D_ub";"SI_FP";"SI_FP_lb";"SI_FP_ub";"SI_FN";"SI_FN_lb";"SI_FN_ub"
0.0000000000000000e+00;-1.0000000000000000e+00;1.0000000000000000e+03;9.0000000000000000e+01;4.9000000000000000e+01;3.9000000000000000e+01;-1.0000000000000000e+00;-2.2839999999999999e-02;-8.6449999999999999e-02;4.2299999999999997e-02;8.6709999999999998e-01;8.4901000000000004e-01;8.8605000000000000e-01;-2.5300000000000000e-02;-8.8749999999999996e-02;3.8559999999999997e-02;5.4140000000000001e-02;-1.1020000000000000e-02;1.1855000000000000e-01
1.0000000000000000e+00;2.5000000000000000e+01;5.0000000000000000e+04;9.0000000000000000e+01;4.9000000000000000e+01;3.9000000000000000e+01;6.0849999447759928e-01;5.3525308887281088e-03;-3.9693432754120874e-03;1.4640298924609413e-02;9.9077115547082950e-01;9.9062425945631927e-01;9.9092232465043228e-01;1.7678387412940343e-03;-7.4375721638749630e-03;1.1123136287252285e-02;2.4551600070631765e-03;-6.7463106031044121e-03;1.1794740231740852e-02
1.0000000000000000e+00;5.0000000000000000e+01;5.0000000000000000e+04;9.0000000000000000e+01;4.9000000000000000e+01;3.9000000000000000e+01;6.0849999447759928e-01;8.8690994876806425e-03;-1.2970293127501156e-03;1.9272984644842825e-02;9.4373087431620684e-01;9.4274557554302774e-01;9.4470050084041757e-01;5.1461505443395625e-03;-5.0443537585244790e-03;1.5653225739763403e-02;4.6099449840001000e-02;3.5578099820362044e-02;5.6464570079536543e-02
1.0000000000000000e+00;1.0000000000000000e+02;5.0000000000000000e+04;9.0000000000000000e+01;4.9000000000000000e+01;3.9000000000000000e+01;6.0849999447759928e-01;1.5956053046892731e-02;7.2907703344557715e-03;2.5296542017678683e-02;9.1559879518008913e-01;9.1421734781713471e-01;9.1697421125050627e-01;4.4536033259857102e-03;-4.6611700434826221e-03;1.3715464183159760e-02;6.8307764504579982e-02;5.8984247620757511e-02;7.7190054313008211e-02
