"meta";"N_LHS";"size";"kl_dimension";"N_KL_Young";"N_KL_Diam";"R2";"SI_E";"SI_E_lb";"SI_E_ub";"SI_D";"SI_D_lb";"SI_D_ub";"SI_FP";"SI_FP_lb";"SI_FP_ub";"SI_FN";"SI_FN_lb";"SI_FN_ub"
0.0000000000000000e+00;-1.0000000000000000e+00;1.0000000000000000e+03;3.5000000000000000e+01;2.6000000000000000e+01;7.0000000000000000e+00;-1.0000000000000000e+00;-1.3559999999999999e-02;-7.2779999999999997e-02;6.1260000000000002e-02;9.7036000000000000e-01;9.6592000000000000e-01;9.7468999999999995e-01;-3.0320000000000000e-02;-9.2009999999999995e-02;4.5870000000000001e-02;-2.2820000000000000e-02;-8.2519999999999996e-02;5.4760000000000003e-02
1.0000000000000000e+00;2.5000000000000000e+01;5.0000000000000000e+04;3.5000000000000000e+01;2.6000000000000000e+01;7.0000000000000000e+00;8.5188251696834305e-01;1.7338424415275441e-02;8.7221108655111713e-03;2.8924200022249408e-02;9.8506701210414482e-01;9.8483874098874558e-01;9.8528957210040624e-01;9.1590725667243470e-03;4.5036031904565845e-04;2.0700032173755902e-02;9.2528191781416063e-03;5.5247014023291350e-04;2.0754444748872759e-02
1.0000000000000000e+00;5.0000000000000000e+01;5.0000000000000000e+04;3.5000000000000000e+01;2.6000000000000000e+01;7.0000000000000000e+00;8.5188251696834305e-01;1.7331389128788365e-02;6.8504181686479910e-03;2.7319939078979453e-02;9.8392055591835204e-01;9.8360347237434242e-01;9.8420684348943810e-01;8.0475641650200082e-03;-2.6777313453136219e-03;1.7802942963308314e-02;1.0108971401133824e-02;-8.4657921181054304e-04;2.0147077106614720e-02
1.0000000000000000e+00;1.0000000000000000e+02;5.0000000000000000e+04;3.5000000000000000e+01;2.6000000000000000e+01;7.0000000000000000e+00;8.5188251696834305e-01;2.1407733591127416e-02;1.2497299478614462e-02;3.1773118857747709e-02;9.7448861959542743e-01;9.7403797965177408e-01;9.7497623551114299e-01;7.6400935006872700e-03;-1.1557198860149057e-03;1.8128695412071062e-02;1.4687161978162841e-02;5.5079892136392430e-03;2.5754546160583328e-02
