"meta";"N_LHS";"size";"kl_dimension";"N_KL_Young";"N_KL_Diam";"R2";"SI_E";"SI_E_lb";"SI_E_ub";"SI_D";"SI_D_lb";"SI_D_ub";"SI_FP";"SI_FP_lb";"SI_FP_ub";"SI_FN";"SI_FN_lb";"SI_FN_ub"
0.0000000000000000e+00;-1.0000000000000000e+00;1.0000000000000000e+03;3.5000000000000000e+01;2.3000000000000000e+01;1.0000000000000000e+01;-1.0000000000000000e+00;2.4476999999999999e-01;1.8337999999999999e-01;3.0173000000000000e-01;4.7272999999999998e-01;4.2115999999999998e-01;5.2417000000000002e-01;6.1550000000000001e-02;3.1700000000000001e-03;1.2306000000000000e-01;3.0797999999999998e-01;2.5591000000000003e-01;3.7128000000000000e-01
1.0000000000000000e+00;2.5000000000000000e+01;5.0000000000000000e+04;3.5000000000000000e+01;2.3000000000000000e+01;1.0000000000000000e+01;8.3521244888552659e-01;2.3291061344433051e-01;2.2430286276965455e-01;2.4235484019195835e-01;4.4317614741877331e-01;4.3496260106820506e-01;4.5110931334110932e-01;1.6762015267387590e-04;-9.0183139991838676e-03;9.8620382006041844e-03;2.7552961737633780e-01;2.6663922404057777e-01;2.8421734507229962e-01
1.0000000000000000e+00;5.0000000000000000e+01;5.0000000000000000e+04;3.5000000000000000e+01;2.3000000000000000e+01;1.0000000000000000e+01;8.3521244888552659e-01;1.5654264036616919e-01;1.4618446478811278e-01;1.6568892697850707e-01;5.4865079227762581e-01;5.4186093679297997e-01;5.5510503129442301e-01;-7.9505649252556659e-04;-1.1553210614922340e-02;9.3220712050283896e-03;2.6165051995996741e-01;2.5088919900098178e-01;2.7076260137057356e-01
1.0000000000000000e+00;1.0000000000000000e+02;5.0000000000000000e+04;3.5000000000000000e+01;2.3000000000000000e+01;1.0000000000000000e+01;8.3521244888552659e-01;1.9263251274451845e-01;1.8414759121154750e-01;2.0150162622705814e-01;4.7473931788718443e-01;4.6778860336994410e-01;4.8198280537318994e-01;6.3567112854164979e-03;-2.5406379914439483e-03;1.6574987351180879e-02;3.0346491140675069e-01;2.9347808206681436e-01;3.1248895714732244e-01
