"meta";"N_LHS";"size";"kl_dimension";"N_KL_Young";"N_KL_Diam";"R2";"SI_E";"SI_E_lb";"SI_E_ub";"SI_D";"SI_D_lb";"SI_D_ub";"SI_FP";"SI_FP_lb";"SI_FP_ub";"SI_FN";"SI_FN_lb";"SI_FN_ub"
0.0000000000000000e+00;-1.0000000000000000e+00;1.0000000000000000e+03;6.4000000000000000e+01;2.7000000000000000e+01;3.5000000000000000e+01;-1.0000000000000000e+00;2.0493000000000000e-01;1.3041000000000000e-01;2.7947000000000000e-01;8.4591000000000005e-01;8.2645999999999997e-01;8.6783999999999994e-01;7.5380000000000003e-02;6.9199999999999999e-03;1.5217000000000000e-01;6.4170000000000005e-02;-6.0800000000000003e-03;1.4077000000000001e-01
1.0000000000000000e+00;2.5000000000000000e+01;5.0000000000000000e+04;6.4000000000000000e+01;2.7000000000000000e+01;3.5000000000000000e+01;7.5152869009390044e-01;5.0729150843081050e-02;4.1585295008518659e-02;5.9069303664870149e-02;9.4226105260215409e-01;9.4121610627397922e-01;9.4335574636353203e-01;3.7459990014081187e-03;-4.9498095100336719e-03;1.2588820159057077e-02;4.0916270436834618e-03;-4.6646481755663041e-03;1.2964697547416059e-02
1.0000000000000000e+00;5.0000000000000000e+01;5.0000000000000000e+04;6.4000000000000000e+01;2.7000000000000000e+01;3.5000000000000000e+01;7.5152869009390044e-01;1.4000073263733681e-01;1.3033431740808724e-01;1.4998281683148013e-01;8.5189960477008619e-01;8.4913814543749511e-01;8.5441477337390037e-01;2.0394121299980176e-03;-8.9924414345503786e-03;1.3496456917699275e-02;2.1145993934476312e-03;-8.8932930505531693e-03;1.3494667946914261e-02
1.0000000000000000e+00;1.0000000000000000e+02;5.0000000000000000e+04;6.4000000000000000e+01;2.7000000000000000e+01;3.5000000000000000e+01;7.5152869009390044e-01;1.7061013789534590e-01;1.6117598979617900e-01;1.7863526350520453e-01;8.1793431071846345e-01;8.1499105481075340e-01;8.2124323159725354e-01;-6.9265894018968350e-06;-9.6744970699926512e-03;8.7064357989105196e-03;1.9165149506907468e-05;-9.6991750692489200e-03;8.7065413672046156e-03
