"meta";"N_LHS";"size";"kl_dimension";"N_KL_Young";"N_KL_Diam";"R2";"SI_E";"SI_E_lb";"SI_E_ub";"SI_D";"SI_D_lb";"SI_D_ub";"SI_FP";"SI_FP_lb";"SI_FP_ub";"SI_FN";"SI_FN_lb";"SI_FN_ub"
0.0000000000000000e+00;-1.0000000000000000e+00;1.0000000000000000e+03;1.6000000000000000e+01;8.0000000000000000e+00;6.0000000000000000e+00;-1.0000000000000000e+00;1.3210000000000000e-02;-5.1069999999999997e-02;8.4099999999999994e-02;9.5301999999999998e-01;9.4557999999999998e-01;9.5992999999999995e-01;1.9340000000000000e-02;-4.5050000000000000e-02;9.0730000000000005e-02;5.1979999999999998e-02;-1.1469999999999999e-02;1.2035999999999999e-01
1.0000000000000000e+00;2.5000000000000000e+01;5.0000000000000000e+04;1.6000000000000000e+01;8.0000000000000000e+00;6.0000000000000000e+00;9.1525017913967699e-01;1.4346004654202917e-02;4.1429946685273451e-03;2.5478196741033816e-02;9.6576442131969664e-01;9.6518479534801727e-01;9.6645826206131624e-01;6.2687710177626969e-03;-3.4740114303487826e-03;1.6972487543994001e-02;2.4679743920218076e-02;1.4656053462027712e-02;3.5684367325857703e-02
1.0000000000000000e+00;5.0000000000000000e+01;5.0000000000000000e+04;1.6000000000000000e+01;8.0000000000000000e+00;6.0000000000000000e+00;9.1525017913967699e-01;1.0212266758723805e-02;-7.0320163456970427e-04;2.0843842720547835e-02;9.6222313369779156e-01;9.6149933321111558e-01;9.6290050861232279e-01;6.3040150760323233e-03;-4.6765826868503954e-03;1.7095464768892617e-02;3.4627626606849427e-02;2.2703796763634609e-02;4.5823333005358381e-02
1.0000000000000000e+00;1.0000000000000000e+02;5.0000000000000000e+04;1.6000000000000000e+01;8.0000000000000000e+00;6.0000000000000000e+00;9.1525017913967699e-01;8.7443807784307239e-03;-2.2147251524065725e-03;1.8276791301176931e-02;9.6318920581936851e-01;9.6229963172134148e-01;9.6398665824572749e-01;6.8786033886031042e-03;-4.1166699327032687e-03;1.6408655371009016e-02;3.8233050790831134e-02;2.7202555129659738e-02;4.7318839162129173e-02
