"meta";"N_LHS";"size";"kl_dimension";"N_KL_Young";"N_KL_Diam";"R2";"SI_E";"SI_E_lb";"SI_E_ub";"SI_D";"SI_D_lb";"SI_D_ub";"SI_FP";"SI_FP_lb";"SI_FP_ub";"SI_FN";"SI_FN_lb";"SI_FN_ub"
0.0000000000000000e+00;-1.0000000000000000e+00;1.0000000000000000e+03;1.4000000000000000e+01;8.0000000000000000e+00;4.0000000000000000e+00;-1.0000000000000000e+00;2.2520999999999999e-01;1.4269999999999999e-01;2.9504999999999998e-01;5.1173999999999997e-01;4.5593000000000000e-01;5.6362000000000001e-01;1.6389999999999998e-02;-4.8300000000000003e-02;8.4110000000000004e-02;2.5986999999999999e-01;1.9658999999999999e-01;3.2268000000000002e-01
1.0000000000000000e+00;2.5000000000000000e+01;5.0000000000000000e+04;1.4000000000000000e+01;8.0000000000000000e+00;4.0000000000000000e+00;8.7972774956186472e-01;2.0963306560072825e-01;2.0060052345405541e-01;2.1933098316272237e-01;5.9460764443953629e-01;5.8853361438042429e-01;6.0029048961339682e-01;7.6306920068283579e-03;-1.6318749343029744e-03;1.7061552519244724e-02;1.8116315861276436e-01;1.7210538578307683e-01;1.9023548065501153e-01
1.0000000000000000e+00;5.0000000000000000e+01;5.0000000000000000e+04;1.4000000000000000e+01;8.0000000000000000e+00;4.0000000000000000e+00;8.7972774956186472e-01;2.2552431380106019e-01;2.1731474957966163e-01;2.3532664621336652e-01;5.3363477491835987e-01;5.2671326190192969e-01;5.4039028376477660e-01;6.3520066533227521e-03;-1.5554713610071312e-03;1.6729341318253023e-02;2.4730120557851668e-01;2.3895141255004398e-01;2.5819067855261185e-01
1.0000000000000000e+00;1.0000000000000000e+02;5.0000000000000000e+04;1.4000000000000000e+01;8.0000000000000000e+00;4.0000000000000000e+00;8.7972774956186472e-01;2.3538754873274484e-01;2.2760919147523051e-01;2.4443631696968482e-01;5.2324289344661135e-01;5.1643395993551944e-01;5.3057491945823865e-01;4.7787901204245148e-03;-4.9438017909086392e-03;1.3290749880480748e-02;2.4529811809786295e-01;2.3663358953470481e-01;2.5408045489386716e-01
