"meta";"N_LHS";"size";"kl_dimension";"N_KL_Young";"N_KL_Diam";"R2";"SI_E";"SI_E_lb";"SI_E_ub";"SI_D";"SI_D_lb";"SI_D_ub";"SI_FP";"SI_FP_lb";"SI_FP_ub";"SI_FN";"SI_FN_lb";"SI_FN_ub"
0.0000000000000000e+00;-1.0000000000000000e+00;1.0000000000000000e+03;3.6000000000000000e+01;1.5000000000000000e+01;1.9000000000000000e+01;-1.0000000000000000e+00;-2.0240000000000001e-02;-8.0820000000000003e-02;4.6550000000000001e-02;9.9270000000000003e-01;9.9089000000000005e-01;9.9448000000000003e-01;-2.2679999999999999e-02;-8.2110000000000002e-02;4.3959999999999999e-02;-2.6660000000000000e-02;-8.5139999999999993e-02;3.8070000000000000e-02
1.0000000000000000e+00;2.5000000000000000e+01;5.0000000000000000e+04;3.6000000000000000e+01;1.5000000000000000e+01;1.9000000000000000e+01;7.9660338319933288e-01;7.1692082391433872e-03;-3.0092034119419894e-03;1.6746753421398346e-02;9.9076509539579227e-01;9.9056440119606459e-01;9.9094410824637402e-01;1.4518244339146386e-03;-8.9129130604341678e-03;1.1158538685518707e-02;1.2356552020580311e-03;-9.1201471702903689e-03;1.0878045940608740e-02
1.0000000000000000e+00;5.0000000000000000e+01;5.0000000000000000e+04;3.6000000000000000e+01;1.5000000000000000e+01;1.9000000000000000e+01;7.9660338319933288e-01;6.0156311712835876e-03;-3.6994652349734559e-03;1.5851289252999549e-02;9.9160094857390424e-01;9.9141561653697541e-01;9.9177643919717029e-01;7.9570174650814274e-04;-9.1628089588277322e-03;1.0572798940934202e-02;7.1104367897391037e-04;-9.2383909639420260e-03;1.0410448102064578e-02
1.0000000000000000e+00;1.0000000000000000e+02;5.0000000000000000e+04;3.6000000000000000e+01;1.5000000000000000e+01;1.9000000000000000e+01;7.9660338319933288e-01;2.6047056937057171e-03;-6.3255090257079098e-03;1.1946802786289859e-02;9.9410111497376197e-01;9.9398493290286660e-01;9.9422024740388815e-01;-3.8200352286844180e-04;-9.6058572372357317e-03;9.0785452670795984e-03;-2.0439254727829903e-04;-9.3866872406145538e-03;9.1618492966811724e-03
