"meta";"N_LHS";"size";"kl_dimension";"N_KL_Young";"N_KL_Diam";"R2";"SI_E";"SI_E_lb";"SI_E_ub";"SI_D";"SI_D_lb";"SI_D_ub";"SI_FP";"SI_FP_lb";"SI_FP_ub";"SI_FN";"SI_FN_lb";"SI_FN_ub"
0.0000000000000000e+00;-1.0000000000000000e+00;1.0000000000000000e+03;1.3000000000000000e+01;5.0000000000000000e+00;6.0000000000000000e+00;-1.0000000000000000e+00;1.7239999999999998e-02;-5.5309999999999998e-02;9.0010000000000007e-02;9.1749999999999998e-01;9.0547999999999995e-01;9.2781999999999998e-01;-1.3180000000000001e-02;-8.5540000000000005e-02;6.0040000000000003e-02;-1.6700000000000000e-03;-7.5270000000000004e-02;7.2550000000000003e-02
1.0000000000000000e+00;2.5000000000000000e+01;5.0000000000000000e+04;1.3000000000000000e+01;5.0000000000000000e+00;6.0000000000000000e+00;9.1528798347572815e-01;3.5778261017505600e-02;2.5139149835701216e-02;4.8668034820217573e-02;9.3352697579658372e-01;9.3234029370135318e-01;9.3474289169198177e-01;5.1882947413778189e-03;-5.5541034413699435e-03;1.7853017023375876e-02;3.2924741964856452e-02;2.2148112016321293e-02;4.5471397662886923e-02
1.0000000000000000e+00;5.0000000000000000e+01;5.0000000000000000e+04;1.3000000000000000e+01;5.0000000000000000e+00;6.0000000000000000e+00;9.1528798347572815e-01;4.4895356569549433e-02;3.2678231296640610e-02;5.4526858570202563e-02;9.2243329674593932e-01;9.2101245860785086e-01;9.2379615574257345e-01;4.0822025250831003e-03;-8.3675291021759121e-03;1.3706431613784454e-02;3.5309884189698222e-02;2.2671394192429330e-02;4.5417325032461743e-02
1.0000000000000000e+00;1.0000000000000000e+02;5.0000000000000000e+04;1.3000000000000000e+01;5.0000000000000000e+00;6.0000000000000000e+00;9.1528798347572815e-01;4.2857390465391457e-02;3.0874493740702322e-02;5.3389726018346371e-02;9.2821525487871148e-01;9.2689939907317487e-01;9.2974432208602331e-01;4.7872807626874745e-03;-6.6451556998358705e-03;1.4875404630265116e-02;3.4295332205374028e-02;2.3163380910890898e-02;4.4364848740045051e-02
