"meta";"N_LHS";"size";"kl_dimension";"N_KL_Young";"N_KL_Diam";"R2";"SI_E";"SI_E_lb";"SI_E_ub";"SI_D";"SI_D_lb";"SI_D_ub";"SI_FP";"SI_FP_lb";"SI_FP_ub";"SI_FN";"SI_FN_lb";"SI_FN_ub"
0.0000000000000000e+00;-1.0000000000000000e+00;1.0000000000000000e+03;1.3000000000000000e+01;7.0000000000000000e+00;4.0000000000000000e+00;-1.0000000000000000e+00;6.3610000000000000e-02;-1.1590000000000000e-02;1.4158000000000001e-01;9.7553000000000001e-01;9.7070000000000001e-01;9.8041999999999996e-01;4.6230000000000000e-02;-2.8469999999999999e-02;1.2463000000000000e-01;5.0650000000000001e-02;-2.4230000000000002e-02;1.2908000000000000e-01
1.0000000000000000e+00;2.5000000000000000e+01;5.0000000000000000e+04;1.3000000000000000e+01;7.0000000000000000e+00;4.0000000000000000e+00;9.3584171755525569e-01;1.1657404832204456e-02;1.7962229099419283e-03;2.3288133638464884e-02;9.8564176950475446e-01;9.8538398210899281e-01;9.8590049993692841e-01;1.0599037294080176e-03;-8.6164295047052707e-03;1.3012734551123102e-02;8.9564968093545710e-04;-8.8271987020256751e-03;1.2702925040081492e-02
1.0000000000000000e+00;5.0000000000000000e+01;5.0000000000000000e+04;1.3000000000000000e+01;7.0000000000000000e+00;4.0000000000000000e+00;9.3584171755525569e-01;1.9515920975845577e-02;1.0254391545391976e-02;3.0016852954773861e-02;9.7537219598972480e-01;9.7485804803884413e-01;9.7590797619094227e-01;1.6504572704986091e-03;-7.7999933283223796e-03;1.1813962440993565e-02;5.4267530824275798e-03;-3.8365010357834530e-03;1.5530271534814134e-02
1.0000000000000000e+00;1.0000000000000000e+02;5.0000000000000000e+04;1.3000000000000000e+01;7.0000000000000000e+00;4.0000000000000000e+00;9.3584171755525569e-01;2.1107463771726363e-02;1.0809548038507331e-02;3.1466633158151000e-02;9.7699781008742159e-01;9.7651701385525380e-01;9.7758462160702975e-01;1.1179761468617744e-03;-9.0009483453082923e-03;1.1296584318705840e-02;3.3919997799608153e-03;-6.7524730401607776e-03;1.3619989882047580e-02
