"meta";"N_LHS";"size";"kl_dimension";"N_KL_Young";"N_KL_Diam";"R2";"SI_E";"SI_E_lb";"SI_E_ub";"SI_D";"SI_D_lb";"SI_D_ub";"SI_FP";"SI_FP_lb";"SI_FP_ub";"SI_FN";"SI_FN_lb";"SI_FN_ub"
0.0000000000000000e+00;-1.0000000000000000e+00;1.0000000000000000e+03;4.0000000000000000e+01;2.2000000000000000e+01;1.6000000000000000e+01;-1.0000000000000000e+00;1.4249000000000001e-01;7.0099999999999996e-02;2.2159999999999999e-01;6.1890999999999996e-01;5.6977000000000000e-01;6.5995000000000004e-01;3.2140000000000002e-02;-3.9180000000000000e-02;1.0641000000000000e-01;2.8644999999999998e-01;2.3541999999999999e-01;3.5094999999999998e-01
1.0000000000000000e+00;2.5000000000000000e+01;5.0000000000000000e+04;4.0000000000000000e+01;2.2000000000000000e+01;1.6000000000000000e+01;8.0620305463411446e-01;5.8555604295611817e-02;4.8562144300700244e-02;6.8306648578805931e-02;7.9971759611162108e-01;7.9653472390444591e-01;8.0335686335142387e-01;4.4221815014033605e-03;-5.9746580715484728e-03;1.4607576945132950e-02;1.3257825266953535e-01;1.2229489080510461e-01;1.4318590314795909e-01
1.0000000000000000e+00;5.0000000000000000e+01;5.0000000000000000e+04;4.0000000000000000e+01;2.2000000000000000e+01;1.6000000000000000e+01;8.0620305463411446e-01;1.0845060936003591e-01;9.9121973356552248e-02;1.1730936534409772e-01;6.4230081551007023e-01;6.3679487943172330e-01;6.4737216909160744e-01;2.7534067209200068e-03;-6.5426627480057549e-03;1.1325406748008525e-02;2.2788717898695662e-01;2.1785457695051949e-01;2.3696754232594164e-01
1.0000000000000000e+00;1.0000000000000000e+02;5.0000000000000000e+04;4.0000000000000000e+01;2.2000000000000000e+01;1.6000000000000000e+01;8.0620305463411446e-01;1.0906572016176058e-01;1.0015049872661849e-01;1.1999779998091674e-01;6.2719163354057128e-01;6.2124531301101438e-01;6.3222559815496215e-01;1.1227558013651971e-03;-8.9884573809876182e-03;1.1371496765415238e-02;2.5152343825089529e-01;2.4375338130966936e-01;2.6007096272991609e-01
