"meta";"N_LHS";"size";"kl_dimension";"N_KL_Young";"N_KL_Diam";"R2";"SI_E";"SI_E_lb";"SI_E_ub";"SI_D";"SI_D_lb";"SI_D_ub";"SI_FP";"SI_FP_lb";"SI_FP_ub";"SI_FN";"SI_FN_lb";"SI_FN_ub"
0.0000000000000000e+00;-1.0000000000000000e+00;1.0000000000000000e+03;4.5000000000000000e+01;2.1000000000000000e+01;2.2000000000000000e+01;-1.0000000000000000e+00;3.6240000000000001e-02;-3.1449999999999999e-02;1.0777000000000000e-01;8.9359000000000000e-01;8.8000000000000000e-01;9.0783999999999998e-01;-2.4930000000000001e-02;-9.3280000000000002e-02;4.2290000000000001e-02;-9.6299999999999997e-03;-7.8320000000000001e-02;5.5750000000000001e-02
1.0000000000000000e+00;2.5000000000000000e+01;5.0000000000000000e+04;4.5000000000000000e+01;2.1000000000000000e+01;2.2000000000000000e+01;6.3333098998248782e-01;3.7503730593665061e-02;2.6736500334013893e-02;4.6959385206655518e-02;9.4757290341022005e-01;9.4654945830535964e-01;9.4856497466668355e-01;-1.4671330403062503e-03;-1.2551522548696561e-02;7.9448779515448147e-03;-1.1396691376534904e-03;-1.2233848345021487e-02;8.2415352956228052e-03
1.0000000000000000e+00;5.0000000000000000e+01;5.0000000000000000e+04;4.5000000000000000e+01;2.1000000000000000e+01;2.2000000000000000e+01;6.3333098998248782e-01;3.0545381654227891e-02;2.0319484398994017e-02;4.0684472724056168e-02;9.6276129166497360e-01;9.6191456396601038e-01;9.6360515512846290e-01;8.7924641569736691e-04;-9.5792776716005345e-03;1.1116442022925737e-02;2.4981539269020043e-03;-8.1305480064626703e-03;1.2916047031079257e-02
1.0000000000000000e+00;1.0000000000000000e+02;5.0000000000000000e+04;4.5000000000000000e+01;2.1000000000000000e+01;2.2000000000000000e+01;6.3333098998248782e-01;4.1872998873558678e-02;3.0581989747017473e-02;5.3038613857494359e-02;9.4616705121611822e-01;9.4488390468647399e-01;9.4774523821746770e-01;3.9838600639131519e-04;-1.1231903215007274e-02;1.1223516121590917e-02;9.0084720088024518e-03;-2.6076372524814042e-03;1.9974384290819897e-02
