"meta";"N_LHS";"size";"kl_dimension";"N_KL_Young";"N_KL_Diam";"R2";"SI_E";"SI_E_lb";"SI_E_ub";"SI_D";"SI_D_lb";"SI_D_ub";"SI_FP";"SI_FP_lb";"SI_FP_ub";"SI_FN";"SI_FN_lb";"SI_FN_ub"
0.0000000000000000e+00;-1.0000000000000000e+00;1.0000000000000000e+03;1.3000000000000000e+01;4.0000000000000000e+00;7.0000000000000000e+00;-1.0000000000000000e+00;4.4672000000000001e-01;3.9772000000000002e-01;4.9730999999999997e-01;1.7179000000000000e-01;1.0075000000000001e-01;2.4012000000000000e-01;-2.7340000000000000e-02;-8.3930000000000005e-02;3.5340000000000003e-02;2.9114000000000001e-01;2.4203000000000000e-01;3.4970000000000001e-01
1.0000000000000000e+00;2.5000000000000000e+01;5.0000000000000000e+04;1.3000000000000000e+01;4.0000000000000000e+00;7.0000000000000000e+00;8.8295827075389366e-01;4.6072759731756985e-01;4.5458720603026581e-01;4.6809138568138131e-01;2.8027841434024875e-01;2.7136367005012557e-01;2.8923516245133446e-01;1.9280018614543178e-04;-8.8376887013245694e-03;8.7728548989819098e-03;2.4214685272396796e-01;2.3173003780669846e-01;2.5175741622361769e-01
1.0000000000000000e+00;5.0000000000000000e+01;5.0000000000000000e+04;1.3000000000000000e+01;4.0000000000000000e+00;7.0000000000000000e+00;8.8295827075389366e-01;4.8799669411961727e-01;4.8115712849685499e-01;4.9390684242450161e-01;2.1247997715165748e-01;2.0348674359069488e-01;2.2328538531014605e-01;4.8704308619073608e-03;-4.4876482226130273e-03;1.3836598144647879e-02;2.8918704874719375e-01;2.7896640935615047e-01;2.9875761518141636e-01
1.0000000000000000e+00;1.0000000000000000e+02;5.0000000000000000e+04;1.3000000000000000e+01;4.0000000000000000e+00;7.0000000000000000e+00;8.8295827075389366e-01;4.8365492344659583e-01;4.7663309611791638e-01;4.9194115736077554e-01;2.2639239211851145e-01;2.1803044900459928e-01;2.3607221952962656e-01;3.0415537585023735e-03;-6.2865426071025254e-03;1.3514977098430102e-02;2.8459714851342360e-01;2.7669780556130569e-01;2.9342498439450115e-01
