"meta";"N_LHS";"size";"kl_dimension";"N_KL_Young";"N_KL_Diam";"R2";"SI_E";"SI_E_lb";"SI_E_ub";"SI_D";"SI_D_lb";"SI_D_ub";"SI_FP";"SI_FP_lb";"SI_FP_ub";"SI_FN";"SI_FN_lb";"SI_FN_ub"
0.0000000000000000e+00;-1.0000000000000000e+00;1.0000000000000000e+03;1.0800000000000000e+02;5.5000000000000000e+01;5.1000000000000000e+01;-1.0000000000000000e+00;2.8673999999999999e-01;2.2381999999999999e-01;3.4127000000000002e-01;5.8782000000000001e-01;5.2780000000000005e-01;6.4456999999999998e-01;3.9230000000000001e-02;-3.4310000000000000e-02;1.0639999999999999e-01;1.8814000000000000e-01;1.1607000000000001e-01;2.5873000000000002e-01
1.0000000000000000e+00;2.5000000000000000e+01;5.0000000000000000e+04;1.0800000000000000e+02;5.5000000000000000e+01;5.1000000000000000e+01;4.7871436628454234e-01;3.0181747985210894e-01;2.9286048178258095e-01;3.1035831071551345e-01;5.8702898465964470e-01;5.8065509403607629e-01;5.9384411761290268e-01;4.3283096190050597e-03;-4.4023787549538418e-03;1.4295818846719294e-02;4.7213581471661464e-02;3.7287258283262480e-02;5.7783038963381238e-02
1.0000000000000000e+00;5.0000000000000000e+01;5.0000000000000000e+04;1.0800000000000000e+02;5.5000000000000000e+01;5.1000000000000000e+01;4.7871436628454234e-01;2.8369353254367768e-01;2.7412732220078601e-01;2.9271537940318709e-01;5.6579697112888849e-01;5.5958932640864123e-01;5.7200425725113091e-01;5.6208127002979639e-03;-3.7606488712465611e-03;1.6282400736069118e-02;1.1755221348131696e-01;1.0725704521524611e-01;1.2936624194253277e-01
1.0000000000000000e+00;1.0000000000000000e+02;5.0000000000000000e+04;1.0800000000000000e+02;5.5000000000000000e+01;5.1000000000000000e+01;4.7871436628454234e-01;2.7813989095916380e-01;2.7033021979587013e-01;2.8674997891430620e-01;5.7795676425575371e-01;5.7253137630311435e-01;5.8414781134129534e-01;5.3329359476252079e-03;-2.9096755126730659e-03;1.5266815429611438e-02;1.2442550228334087e-01;1.1489411795011241e-01;1.3450228482860141e-01
