"meta";"N_LHS";"size";"kl_dimension";"N_KL_Young";"N_KL_Diam";"R2";"SI_E";"SI_E_lb";"SI_E_ub";"SI_D";"SI_D_lb";"SI_D_ub";"SI_FP";"SI_FP_lb";"SI_FP_ub";"SI_FN";"SI_FN_lb";"SI_FN_ub"
0.0000000000000000e+00;-1.0000000000000000e+00;1.0000000000000000e+03;1.7000000000000000e+01;1.0000000000000000e+01;5.0000000000000000e+00;-1.0000000000000000e+00;1.8000000000000000e-03;-7.4200000000000002e-02;6.3880000000000006e-02;9.0671000000000002e-01;8.9020999999999995e-01;9.2057000000000000e-01;9.3999999999999997e-04;-7.5450000000000003e-02;6.3350000000000004e-02;7.6380000000000003e-02;4.6000000000000001e-04;1.4680000000000001e-01
1.0000000000000000e+00;2.5000000000000000e+01;5.0000000000000000e+04;1.7000000000000000e+01;1.0000000000000000e+01;5.0000000000000000e+00;9.2577084209345695e-01;-1.1829475121753990e-03;-1.0308229062049378e-02;9.0475540807074765e-03;9.4546039991570285e-01;9.4429410581371798e-01;9.4659686059936177e-01;-3.3419967605398206e-03;-1.2210739050071674e-02;6.6070413720642285e-03;3.6915034357036920e-02;2.8105541520127557e-02;4.6974364061292899e-02
1.0000000000000000e+00;5.0000000000000000e+01;5.0000000000000000e+04;1.7000000000000000e+01;1.0000000000000000e+01;5.0000000000000000e+00;9.2577084209345695e-01;-3.0937599455934444e-03;-1.2350832639506685e-02;7.3712111404578406e-03;9.3276727742221277e-01;9.3137782578671957e-01;9.3403011635791422e-01;-4.1080205390083965e-03;-1.3060108650248925e-02;6.1822769297271820e-03;5.7204502878569416e-02;4.8001465091198972e-02;6.8090441970906926e-02
1.0000000000000000e+00;1.0000000000000000e+02;5.0000000000000000e+04;1.7000000000000000e+01;1.0000000000000000e+01;5.0000000000000000e+00;9.2577084209345695e-01;-2.8003491883214419e-03;-1.4046961821813149e-02;7.1474320600813830e-03;9.3653926920440811e-01;9.3514364866228772e-01;9.3811640584704437e-01;-4.1885987465619815e-03;-1.5625887251270648e-02;5.7835934664695800e-03;5.4827126137472079e-02;4.4286826436267454e-02;6.3974489026168702e-02
