"meta";"N_LHS";"size";"kl_dimension";"N_KL_Young";"N_KL_Diam";"R2";"SI_E";"SI_E_lb";"SI_E_ub";"SI_D";"SI_D_lb";"SI_D_ub";"SI_FP";"SI_FP_lb";"SI_FP_ub";"SI_FN";"SI_FN_lb";"SI_FN_ub"
0.0000000000000000e+00;-1.0000000000000000e+00;1.0000000000000000e+03;6.5000000000000000e+01;2.2000000000000000e+01;4.1000000000000000e+01;-1.0000000000000000e+00;2.0070000000000001e-02;-4.4979999999999999e-02;9.2340000000000005e-02;7.6788000000000001e-01;7.3338999999999999e-01;7.9547000000000001e-01;1.4780000000000000e-02;-4.9840000000000002e-02;8.5769999999999999e-02;2.0566999999999999e-01;1.3636999999999999e-01;2.7653000000000000e-01
1.0000000000000000e+00;2.5000000000000000e+01;5.0000000000000000e+04;6.5000000000000000e+01;2.2000000000000000e+01;4.1000000000000000e+01;7.3610505961827699e-01;7.6912695698445098e-03;-1.1354957739234985e-03;1.6779335598898798e-02;8.2776703432287124e-01;8.2498479026952753e-01;8.3114733526562212e-01;4.7978988379068001e-04;-8.4428399533473877e-03;9.6434763875730082e-03;1.3748120732977109e-01;1.2871577557783787e-01;1.4711813229682855e-01
1.0000000000000000e+00;5.0000000000000000e+01;5.0000000000000000e+04;6.5000000000000000e+01;2.2000000000000000e+01;4.1000000000000000e+01;7.3610505961827699e-01;1.0697063068250245e-03;-8.8834175593630119e-03;9.8237328417498868e-03;8.1317278411366256e-01;8.1004726134753502e-01;8.1632610185835086e-01;-1.6900883895349080e-03;-1.1583795297486536e-02;7.0530840650241192e-03;1.7377198037436709e-01;1.6389507096017011e-01;1.8282801540356103e-01
1.0000000000000000e+00;1.0000000000000000e+02;5.0000000000000000e+04;6.5000000000000000e+01;2.2000000000000000e+01;4.1000000000000000e+01;7.3610505961827699e-01;2.5705941957989372e-03;-8.7507617908178272e-03;1.4086583722347047e-02;8.1123833690858116e-01;8.0796400582226358e-01;8.1397472721798136e-01;-1.9862884218387012e-03;-1.3266409293478445e-02;9.2689779122719865e-03;1.6909005767277080e-01;1.5908302102027205e-01;1.7954699117611905e-01
