"meta";"N_LHS";"size";"kl_dimension";"N_KL_Young";"N_KL_Diam";"R2";"SI_E";"SI_E_lb";"SI_E_ub";"SI_D";"SI_D_lb";"SI_D_ub";"SI_FP";"SI_FP_lb";"SI_FP_ub";"SI_FN";"SI_FN_lb";"SI_FN_ub"
0.0000000000000000e+00;-1.0000000000000000e+00;1.0000000000000000e+03;1.1000000000000000e+01;4.0000000000000000e+00;5.0000000000000000e+00;-1.0000000000000000e+00;6.0565000000000002e-01;5.6428000000000000e-01;6.5669999999999995e-01;3.5524000000000000e-01;2.8917999999999999e-01;4.1255999999999998e-01;-5.9199999999999999e-03;-7.2919999999999999e-02;6.9230000000000000e-02;-2.2000000000000001e-04;-6.8620000000000000e-02;7.4219999999999994e-02
1.0000000000000000e+00;2.5000000000000000e+01;5.0000000000000000e+04;1.1000000000000000e+01;4.0000000000000000e+00;5.0000000000000000e+00;9.5751015743735801e-01;6.2824553616173739e-01;6.2345676895878588e-01;6.3417075765672171e-01;3.5128266058601104e-01;3.4150322252911780e-01;3.5882827149292224e-01;-5.7547189954611092e-03;-1.6661666057490098e-02;3.0914010850334578e-03;-1.1483901113141541e-03;-1.2102603184890016e-02;7.7755668891617028e-03
1.0000000000000000e+00;5.0000000000000000e+01;5.0000000000000000e+04;1.1000000000000000e+01;4.0000000000000000e+00;5.0000000000000000e+00;9.5751015743735801e-01;6.2426794665857854e-01;6.1862031282896490e-01;6.3057295354231113e-01;3.6132885018640770e-01;3.5299155412962263e-01;3.7043169437613294e-01;-5.4096431283580434e-03;-1.5552071390638191e-02;2.9371688026438888e-03;-1.0510678702398374e-03;-1.1234201976267431e-02;7.4932515949768450e-03
1.0000000000000000e+00;1.0000000000000000e+02;5.0000000000000000e+04;1.1000000000000000e+01;4.0000000000000000e+00;5.0000000000000000e+00;9.5751015743735801e-01;6.1853202723935252e-01;6.1265708306677713e-01;6.2556712070402831e-01;3.6704840283440604e-01;3.5742901832546209e-01;3.7635973674291717e-01;-5.2933901964771187e-03;-1.4255835903976208e-02;4.0607381823586268e-03;1.4101944125846394e-03;-7.7129577509922279e-03;1.0738187316501755e-02
