"meta";"N_LHS";"size";"kl_dimension";"N_KL_Young";"N_KL_Diam";"R2";"SI_E";"SI_E_lb";"SI_E_ub";"SI_D";"SI_D_lb";"SI_D_ub";"SI_FP";"SI_FP_lb";"SI_FP_ub";"SI_FN";"SI_FN_lb";"SI_FN_ub"
0.0000000000000000e+00;-1.0000000000000000e+00;1.0000000000000000e+03;3.3000000000000000e+01;1.5000000000000000e+01;1.6000000000000000e+01;-1.0000000000000000e+00;-2.5680000000000001e-02;-9.1319999999999998e-02;4.7210000000000002e-02;9.1386000000000001e-01;8.9993000000000001e-01;9.2501000000000000e-01;-2.8629999999999999e-02;-9.3829999999999997e-02;4.3639999999999998e-02;4.7980000000000002e-02;-1.9359999999999999e-02;1.2297000000000000e-01
1.0000000000000000e+00;2.5000000000000000e+01;5.0000000000000000e+04;3.3000000000000000e+01;1.5000000000000000e+01;1.6000000000000000e+01;7.8577925141962357e-01;2.2996423819293789e-03;-6.5738207874100349e-03;1.1316315711488896e-02;9.2355588198199146e-01;9.2212231380909815e-01;9.2486654925096157e-01;2.9129173035556807e-04;-8.2687998231623268e-03;9.1557042854654071e-03;6.5232319024893473e-02;5.6136398840953401e-02;7.3645318985986571e-02
1.0000000000000000e+00;5.0000000000000000e+01;5.0000000000000000e+04;3.3000000000000000e+01;1.5000000000000000e+01;1.6000000000000000e+01;7.8577925141962357e-01;2.3265454323711868e-03;-7.7543041028534741e-03;1.1591936777390052e-02;9.2800236955842930e-01;9.2627821204531835e-01;9.2966589916999676e-01;-2.6724424542272384e-04;-1.0624182702960127e-02;9.3645253435057415e-03;6.2190871610108320e-02;5.1927798260077256e-02;7.1460218421510222e-02
1.0000000000000000e+00;1.0000000000000000e+02;5.0000000000000000e+04;3.3000000000000000e+01;1.5000000000000000e+01;1.6000000000000000e+01;7.8577925141962357e-01;1.2507340849556997e-03;-8.4698204248106410e-03;1.0305501650528823e-02;9.2986526342882581e-01;9.2862562399923232e-01;9.3119148345559533e-01;-1.5813128855515399e-03;-1.1474037384664213e-02;7.8604506024385033e-03;6.1220570434488614e-02;5.1656900349799729e-02;7.1589912611780146e-02
