"meta";"N_LHS";"size";"kl_dimension";"N_KL_Young";"N_KL_Diam";"R2";"SI_E";"SI_E_lb";"SI_E_ub";"SI_D";"SI_D_lb";"SI_D_ub";"SI_FP";"SI_FP_lb";"SI_FP_ub";"SI_FN";"SI_FN_lb";"SI_FN_ub"
0.0000000000000000e+00;-1.0000000000000000e+00;1.0000000000000000e+03;1.4000000000000000e+01;4.0000000000000000e+00;8.0000000000000000e+00;-1.0000000000000000e+00;3.6754999999999999e-01;2.9873000000000000e-01;4.2948999999999998e-01;5.6774999999999998e-01;5.1500000000000001e-01;6.1573000000000000e-01;-7.3400000000000002e-03;-7.4149999999999994e-02;7.2319999999999995e-02;4.0590000000000001e-02;-2.4719999999999999e-02;1.2157999999999999e-01
1.0000000000000000e+00;2.5000000000000000e+01;5.0000000000000000e+04;1.4000000000000000e+01;4.0000000000000000e+00;8.0000000000000000e+00;9.2917010934616429e-01;3.7756435939086991e-01;3.6996498899396923e-01;3.8625806052916201e-01;5.8633935114207802e-01;5.7977188732231699e-01;5.9192347322823269e-01;-7.5434093428381520e-03;-1.8841976569888834e-02;2.4391572464594440e-03;6.8201591566117254e-03;-4.4630616351169113e-03;1.6809822688491176e-02
1.0000000000000000e+00;5.0000000000000000e+01;5.0000000000000000e+04;1.4000000000000000e+01;4.0000000000000000e+00;8.0000000000000000e+00;9.2917010934616429e-01;3.5206997181190430e-01;3.4378049979596109e-01;3.6128231078364109e-01;5.8759578692226144e-01;5.8126027497834298e-01;5.9478438680046386e-01;-8.3071916960854794e-03;-1.7874572688767829e-02;9.1678411250972996e-04;3.5280522383657413e-02;2.5339217456757355e-02;4.4061299611236865e-02
1.0000000000000000e+00;1.0000000000000000e+02;5.0000000000000000e+04;1.4000000000000000e+01;4.0000000000000000e+00;8.0000000000000000e+00;9.2917010934616429e-01;3.7331055280675079e-01;3.6583385814655794e-01;3.8257507892581288e-01;5.7213799711272573e-01;5.6547103595503767e-01;5.7952950056146890e-01;-7.5871564102866530e-03;-1.6378677306049954e-02;2.3716295731661691e-03;3.6390903914976042e-02;2.8423593871240702e-02;4.5771090426471740e-02
