"meta";"N_LHS";"size";"kl_dimension";"N_KL_Young";"N_KL_Diam";"R2";"SI_E";"SI_E_lb";"SI_E_ub";"SI_D";"SI_D_lb";"SI_D_ub";"SI_FP";"SI_FP_lb";"SI_FP_ub";"SI_FN";"SI_FN_lb";"SI_FN_ub"
0.0000000000000000e+00;-1.0000000000000000e+00;1.0000000000000000e+03;8.7000000000000000e+01;4.2000000000000000e+01;4.3000000000000000e+01;-1.0000000000000000e+00;8.5294000000000003e-01;8.3275999999999994e-01;8.7117000000000000e-01;1.6770000000000000e-02;-4.8939999999999997e-02;8.3080000000000001e-02;-3.8929999999999999e-02;-1.0194000000000000e-01;2.6339999999999999e-02;4.9849999999999998e-02;-1.1200000000000000e-02;1.1774999999999999e-01
1.0000000000000000e+00;2.5000000000000000e+01;5.0000000000000000e+04;8.7000000000000000e+01;4.2000000000000000e+01;4.3000000000000000e+01;5.8980890496132199e-01;9.8585569815576291e-01;9.8566134314982456e-01;9.8607889800729009e-01;5.1261350689087428e-03;-4.3762977989880124e-03;1.3170724012281866e-02;-3.4932336378214594e-03;-1.3055492850166803e-02;4.3945557754144909e-03;-2.9986820955241540e-03;-1.2610326906726746e-02;4.9953613059666967e-03
1.0000000000000000e+00;5.0000000000000000e+01;5.0000000000000000e+04;8.7000000000000000e+01;4.2000000000000000e+01;4.3000000000000000e+01;5.8980890496132199e-01;9.1127208419497030e-01;9.0983044551252190e-01;9.1249650521019576e-01;2.3068507873937986e-02;1.1514744249379571e-02;3.5100548170492060e-02;-3.9047448651589132e-03;-1.5795023607859608e-02;7.8753414473172970e-03;5.0105128605213392e-02;3.8165036838023692e-02;6.2026907861102057e-02
1.0000000000000000e+00;1.0000000000000000e+02;5.0000000000000000e+04;8.7000000000000000e+01;4.2000000000000000e+01;4.3000000000000000e+01;5.8980890496132199e-01;9.1994072820409856e-01;9.1838571568444938e-01;9.2135551608185429e-01;1.9138534444385916e-02;1.0123350354374895e-02;2.9473339500785949e-02;-3.9595631702336988e-03;-1.2736714239338368e-02;5.7978263748007268e-03;4.4596742464434312e-02;3.5479959677367098e-02;5.5020661371627963e-02
