"meta";"N_LHS";"size";"kl_dimension";"N_KL_Young";"N_KL_Diam";"R2";"SI_E";"SI_E_lb";"SI_E_ub";"SI_D";"SI_D_lb";"SI_D_ub";"SI_FP";"SI_FP_lb";"SI_FP_ub";"SI_FN";"SI_FN_lb";"SI_FN_ub"
0.0000000000000000e+00;-1.0000000000000000e+00;1.0000000000000000e+03;1.0000000000000000e+01;5.0000000000000000e+00;3.0000000000000000e+00;-1.0000000000000000e+00;-2.0170000000000000e-02;-9.9959999999999993e-02;4.1680000000000002e-02;-3.3110000000000001e-02;-1.0732000000000000e-01;2.7070000000000000e-02;-9.8899999999999995e-03;-8.4050000000000000e-02;4.9849999999999998e-02;9.4186000000000003e-01;9.3042000000000002e-01;9.5169000000000004e-01
1.0000000000000000e+00;2.5000000000000000e+01;5.0000000000000000e+04;1.0000000000000000e+01;5.0000000000000000e+00;3.0000000000000000e+00;9.2006311008979436e-01;1.0995172870378728e-02;7.6808184565591454e-04;2.1979530909138231e-02;4.7218997645385192e-03;-5.6178322958056488e-03;1.5650443708375084e-02;2.6311896565023160e-03;-7.7134859018843909e-03;1.3398188491994678e-02;9.7876205876463651e-01;9.7843521045592852e-01;9.7901530629259093e-01
1.0000000000000000e+00;5.0000000000000000e+01;5.0000000000000000e+04;1.0000000000000000e+01;5.0000000000000000e+00;3.0000000000000000e+00;9.2006311008979436e-01;1.4749945251179989e-02;5.5837828935112015e-03;2.5959124114660101e-02;7.5886196821543343e-03;-1.5895809938249786e-03;1.8508409889275639e-02;2.4614970457583797e-02;1.5780232319597000e-02;3.5315184150429682e-02;9.4154666107724871e-01;9.4037821174911895e-01;9.4286053526911573e-01
1.0000000000000000e+00;1.0000000000000000e+02;5.0000000000000000e+04;1.0000000000000000e+01;5.0000000000000000e+00;3.0000000000000000e+00;9.2006311008979436e-01;1.3086888417022704e-02;2.7071439526902821e-03;2.3438709395886492e-02;4.0101313508475334e-03;-6.7748582747495425e-03;1.4530422570920888e-02;2.8970212208655782e-02;1.7489104003114667e-02;3.9576130756937264e-02;9.4762346303290224e-01;9.4660695278822049e-01;9.4882425431164052e-01
