"meta";"N_LHS";"size";"kl_dimension";"N_KL_Young";"N_KL_Diam";"R2";"SI_E";"SI_E_lb";"SI_E_ub";"SI_D";"SI_D_lb";"SI_D_ub";"SI_FP";"SI_FP_lb";"SI_FP_ub";"SI_FN";"SI_FN_lb";"SI_FN_ub"
0.0000000000000000e+00;-1.0000000000000000e+00;1.0000000000000000e+03;5.0000000000000000e+00;2.0000000000000000e+00;1.0000000000000000e+00;-1.0000000000000000e+00;4.9239999999999999e-02;-2.8139999999999998e-02;1.1448000000000000e-01;3.6190000000000000e-02;-4.2180000000000002e-02;1.0349999999999999e-01;5.6989999999999999e-02;-2.0920000000000001e-02;1.1969000000000000e-01;9.4259999999999999e-01;9.3335999999999997e-01;9.5135000000000003e-01
1.0000000000000000e+00;2.5000000000000000e+01;5.0000000000000000e+04;5.0000000000000000e+00;2.0000000000000000e+00;1.0000000000000000e+00;9.8228217347950753e-01;1.0006381136052451e-02;-6.4337382741570023e-05;2.0714148978984225e-02;-1.5883439055370803e-03;-1.1037736041548269e-02;9.0598375389448534e-03;2.2139231841264043e-02;1.2700095045795154e-02;3.2608792672776603e-02;9.4148830555351970e-01;9.4028741820934181e-01;9.4273979832638477e-01
1.0000000000000000e+00;5.0000000000000000e+01;5.0000000000000000e+04;5.0000000000000000e+00;2.0000000000000000e+00;1.0000000000000000e+00;9.8228217347950753e-01;1.1294054457869429e-02;1.2023316384196978e-03;2.1387440982893111e-02;-1.8873444811978797e-03;-1.1763167939129017e-02;8.3725389231533338e-03;2.6007122442701640e-02;1.5344626492617020e-02;3.7277282926659744e-02;9.3919157159863631e-01;9.3808903996607396e-01;9.4062534152338806e-01
1.0000000000000000e+00;1.0000000000000000e+02;5.0000000000000000e+04;5.0000000000000000e+00;2.0000000000000000e+00;1.0000000000000000e+00;9.8228217347950753e-01;7.1538251095682459e-03;-3.1056740600197050e-03;1.7364477731380914e-02;-1.4718149682029379e-03;-1.2030001917894693e-02;9.2521159575568810e-03;2.7741641995857859e-02;1.7842018508774524e-02;3.8243959334186908e-02;9.3910023439382595e-01;9.3780060737820681e-01;9.4044392720359349e-01
