"meta";"N_LHS";"size";"kl_dimension";"N_KL_Young";"N_KL_Diam";"R2";"SI_E";"SI_E_lb";"SI_E_ub";"SI_D";"SI_D_lb";"SI_D_ub";"SI_FP";"SI_FP_lb";"SI_FP_ub";"SI_FN";"SI_FN_lb";"SI_FN_ub"
0.0000000000000000e+00;-1.0000000000000000e+00;1.0000000000000000e+03;6.0000000000000000e+00;2.0000000000000000e+00;2.0000000000000000e+00;-1.0000000000000000e+00;2.2890000000000001e-02;-5.8209999999999998e-02;9.3420000000000003e-02;1.1070000000000000e-02;-7.0300000000000001e-02;7.9490000000000005e-02;4.1279999999999997e-02;-3.4709999999999998e-02;1.0814000000000000e-01;9.3072999999999995e-01;9.1622999999999999e-01;9.4245000000000001e-01
1.0000000000000000e+00;2.5000000000000000e+01;5.0000000000000000e+04;6.0000000000000000e+00;2.0000000000000000e+00;2.0000000000000000e+00;9.7257793570003681e-01;1.5430748081741349e-02;6.4595074101444728e-03;2.5641306649287748e-02;1.2464878616009593e-02;3.3036198481501172e-03;2.2455502000537912e-02;3.5457002824059433e-02;2.5980888086803117e-02;4.5668952919764368e-02;9.3735444125306755e-01;9.3573345852160994e-01;9.3871699413991339e-01
1.0000000000000000e+00;5.0000000000000000e+01;5.0000000000000000e+04;6.0000000000000000e+00;2.0000000000000000e+00;2.0000000000000000e+00;9.7257793570003681e-01;1.6855171401733624e-02;7.4121267681933837e-03;2.5403564941375446e-02;7.0139385518884836e-03;-2.3576411967859241e-03;1.5771988340442428e-02;3.4096752045876096e-02;2.4566051762165801e-02;4.2664809601053226e-02;9.4400017558630833e-01;9.4263868288131880e-01;9.4526863865935340e-01
1.0000000000000000e+00;1.0000000000000000e+02;5.0000000000000000e+04;6.0000000000000000e+00;2.0000000000000000e+00;2.0000000000000000e+00;9.7257793570003681e-01;1.8297987878981306e-02;6.5891606763723168e-03;2.9458159451825124e-02;8.5197064716227566e-03;-3.7203360335220518e-03;1.9424000105046805e-02;3.6676472144115117e-02;2.4531702178068573e-02;4.7564598131737260e-02;9.3648397381241522e-01;9.3508120273684070e-01;9.3820804888814602e-01
