"meta";"N_LHS";"size";"kl_dimension";"N_KL_Young";"N_KL_Diam";"R2";"SI_E";"SI_E_lb";"SI_E_ub";"SI_D";"SI_D_lb";"SI_D_ub";"SI_FP";"SI_FP_lb";"SI_FP_ub";"SI_FN";"SI_FN_lb";"SI_FN_ub"
0.0000000000000000e+00;-1.0000000000000000e+00;1.0000000000000000e+03;1.3900000000000000e+02;7.6000000000000000e+01;6.1000000000000000e+01;-1.0000000000000000e+00;2.7699999999999999e-02;-4.2930000000000003e-02;9.2469999999999997e-02;2.0619999999999999e-02;-4.9950000000000001e-02;8.8760000000000006e-02;4.7600000000000003e-02;-1.7370000000000000e-02;1.1544000000000000e-01;9.3691000000000002e-01;9.2710999999999999e-01;9.4715000000000005e-01
1.0000000000000000e+00;2.5000000000000000e+01;5.0000000000000000e+04;1.3900000000000000e+02;7.6000000000000000e+01;6.1000000000000000e+01;-1.7365595422231817e-03;5.8081923636527623e-02;1.0533632163372364e-02;1.3888258653905594e-01;6.7797057137745096e-03;-2.8962256420539145e-03;2.2143599981621524e-02;-1.2181230991236924e-04;-1.3396093571796132e-03;1.5047265844921063e-03;-8.6747339550289688e-05;-1.4008910044232008e-03;1.7017622454521177e-03
1.0000000000000000e+00;5.0000000000000000e+01;5.0000000000000000e+04;1.3900000000000000e+02;7.6000000000000000e+01;6.1000000000000000e+01;-1.7365595422231817e-03;-2.8848105827497176e-03;-1.1856154879893969e-02;6.4793407878419272e-03;-3.6401167121381042e-03;-1.2740704479436182e-02;5.9257784279485972e-03;-4.9803530642409926e-03;-1.3874026700536429e-02;4.5923154504215746e-03;9.9098551825353243e-01;9.9082258510338694e-01;9.9111767802177042e-01
1.0000000000000000e+00;1.0000000000000000e+02;5.0000000000000000e+04;1.3900000000000000e+02;7.6000000000000000e+01;6.1000000000000000e+01;-1.7365595422231817e-03;9.6967604206969395e-03;-4.0049977319397566e-04;2.1927073651121551e-02;-2.8606229865982924e-03;-1.3076482756519006e-02;9.1509297912820628e-03;-5.1720358367731006e-03;-1.5318513008605067e-02;6.6442789969813395e-03;9.7547226587613667e-01;9.7508996367599354e-01;9.7590391024081746e-01
