"meta";"N_LHS";"size";"kl_dimension";"N_KL_Young";"N_KL_Diam";"R2";"SI_E";"SI_E_lb";"SI_E_ub";"SI_D";"SI_D_lb";"SI_D_ub";"SI_FP";"SI_FP_lb";"SI_FP_ub";"SI_FN";"SI_FN_lb";"SI_FN_ub"
0.0000000000000000e+00;-1.0000000000000000e+00;1.0000000000000000e+03;1.2000000000000000e+01;6.0000000000000000e+00;4.0000000000000000e+00;-1.0000000000000000e+00;-3.5080000000000000e-02;-9.7689999999999999e-02;2.5999999999999999e-02;-5.3409999999999999e-02;-1.1107000000000000e-01;6.4700000000000001e-03;-1.3880000000000000e-02;-8.0159999999999995e-02;4.9200000000000001e-02;9.3261000000000005e-01;9.2120000000000002e-01;9.4482999999999995e-01
1.0000000000000000e+00;2.5000000000000000e+01;5.0000000000000000e+04;1.2000000000000000e+01;6.0000000000000000e+00;4.0000000000000000e+00;9.5358531663458024e-01;1.1705988991604931e-02;2.3660717210408355e-03;2.1533798201028409e-02;7.3271597777710027e-03;-2.5357349618078018e-03;1.7567114554162721e-02;1.3676521107217413e-02;4.3490498519888864e-03;2.3889889941293454e-02;9.6292702786063555e-01;9.6219186542835711e-01;9.6356114021640304e-01
1.0000000000000000e+00;5.0000000000000000e+01;5.0000000000000000e+04;1.2000000000000000e+01;6.0000000000000000e+00;4.0000000000000000e+00;9.5358531663458024e-01;1.6716922019280076e-02;6.0908810752887989e-03;2.5986299136497772e-02;7.3695578642973729e-03;-3.2324063883055745e-03;1.7160502441745835e-02;2.3844320574863135e-02;1.3023454143032669e-02;3.4099781320374750e-02;9.5061395060115661e-01;9.4968495312569079e-01;9.5168099072286672e-01
1.0000000000000000e+00;1.0000000000000000e+02;5.0000000000000000e+04;1.2000000000000000e+01;6.0000000000000000e+00;4.0000000000000000e+00;9.5358531663458024e-01;1.7876904812668758e-02;9.3339892231955011e-03;2.6951888678401793e-02;7.8646713716548286e-03;-8.7708250830341309e-04;1.7152314916380123e-02;3.2254760070551093e-02;2.3158019236352266e-02;4.1685720801617414e-02;9.4241685833591726e-01;9.4109832275752359e-01;9.4356559445914234e-01
