"meta";"N_LHS";"size";"kl_dimension";"N_KL_Young";"N_KL_Diam";"R2";"SI_E";"SI_E_lb";"SI_E_ub";"SI_D";"SI_D_lb";"SI_D_ub";"SI_FP";"SI_FP_lb";"SI_FP_ub";"SI_FN";"SI_FN_lb";"SI_FN_ub"
0.0000000000000000e+00;-1.0000000000000000e+00;1.0000000000000000e+03;1.7000000000000000e+01;1.0000000000000000e+01;5.0000000000000000e+00;-1.0000000000000000e+00;4.6954000000000001e-01;3.9743000000000001e-01;5.2788999999999997e-01;2.4426000000000000e-01;1.7960000000000001e-01;3.1030000000000002e-01;5.3310000000000003e-02;-8.4799999999999997e-03;1.1582000000000001e-01;3.1555000000000000e-01;2.5124999999999997e-01;3.7372000000000000e-01
1.0000000000000000e+00;2.5000000000000000e+01;5.0000000000000000e+04;1.7000000000000000e+01;1.0000000000000000e+01;5.0000000000000000e+00;8.4111564484244639e-01;5.2518791774308426e-01;5.1925322438432753e-01;5.3275348850152537e-01;2.4164855004171060e-01;2.3252542318607630e-01;2.4844326896149058e-01;-8.8346300239775192e-03;-1.7817835631020032e-02;-9.9910626465019915e-04;1.7932686287122046e-01;1.7026071272382412e-01;1.8752148305166103e-01
1.0000000000000000e+00;5.0000000000000000e+01;5.0000000000000000e+04;1.7000000000000000e+01;1.0000000000000000e+01;5.0000000000000000e+00;8.4111564484244639e-01;4.9241012302700077e-01;4.8554782017101622e-01;4.9924587515769375e-01;1.9277359395683155e-01;1.8243137187683470e-01;2.0218171086821080e-01;-1.7949172045254882e-03;-1.3039922642928857e-02;1.0931974948007015e-02;2.7213250896549107e-01;2.6259454700394019e-01;2.8332040370863359e-01
1.0000000000000000e+00;1.0000000000000000e+02;5.0000000000000000e+04;1.7000000000000000e+01;1.0000000000000000e+01;5.0000000000000000e+00;8.4111564484244639e-01;4.7704886571531696e-01;4.6960757725241603e-01;4.8416127537152526e-01;1.9883289730536616e-01;1.8922246417187902e-01;2.0832443553928537e-01;1.6124008676540272e-04;-9.1815458824850218e-03;9.4473315730135565e-03;2.8705354729136112e-01;2.7768444186962077e-01;2.9735199335125562e-01
