"meta";"N_LHS";"size";"kl_dimension";"N_KL_Young";"N_KL_Diam";"R2";"SI_E";"SI_E_lb";"SI_E_ub";"SI_D";"SI_D_lb";"SI_D_ub";"SI_FP";"SI_FP_lb";"SI_FP_ub";"SI_FN";"SI_FN_lb";"SI_FN_ub"
0.0000000000000000e+00;-1.0000000000000000e+00;1.0000000000000000e+03;3.1000000000000000e+01;9.0000000000000000e+00;2.0000000000000000e+01;-1.0000000000000000e+00;-1.9609999999999999e-02;-8.0869999999999997e-02;4.5870000000000001e-02;9.8094999999999999e-01;9.7807999999999995e-01;9.8419000000000001e-01;-2.2230000000000000e-02;-8.4330000000000002e-02;4.3479999999999998e-02;-1.5480000000000001e-02;-7.7420000000000003e-02;5.0020000000000002e-02
1.0000000000000000e+00;2.5000000000000000e+01;5.0000000000000000e+04;3.1000000000000000e+01;9.0000000000000000e+00;2.0000000000000000e+01;7.9725222498373816e-01;7.1332020229206514e-03;-3.3599272794175147e-03;1.7278003768098280e-02;9.9322681146229330e-01;9.9310052947313954e-01;9.9334850256682727e-01;3.9513348781626120e-03;-6.4255451118780801e-03;1.4003467423287419e-02;5.2791316218038101e-03;-5.0570699918137171e-03;1.5342314101746529e-02
1.0000000000000000e+00;5.0000000000000000e+01;5.0000000000000000e+04;3.1000000000000000e+01;9.0000000000000000e+00;2.0000000000000000e+01;7.9725222498373816e-01;7.9351084348867479e-03;-1.0880492536595367e-03;1.8064139142615857e-02;9.7775731437081959e-01;9.7729024267963172e-01;9.7824342760340144e-01;6.7319018738438239e-03;-2.3336598143046338e-03;1.6881954301475207e-02;2.4291326042246000e-02;1.5139800809779275e-02;3.4213343174199079e-02
1.0000000000000000e+00;1.0000000000000000e+02;5.0000000000000000e+04;3.1000000000000000e+01;9.0000000000000000e+00;2.0000000000000000e+01;7.9725222498373816e-01;1.1104046603614300e-02;3.4440308190206945e-04;2.2013485710240647e-02;9.8696646775236274e-01;9.8673071023128178e-01;9.8719641869002361e-01;7.4048447951569792e-03;-3.1943395906840573e-03;1.8444869987669896e-02;1.5130924081766304e-02;4.5601243459427055e-03;2.6074951632137980e-02
