"meta";"N_LHS";"size";"kl_dimension";"N_KL_Young";"N_KL_Diam";"R2";"SI_E";"SI_E_lb";"SI_E_ub";"SI_D";"SI_D_lb";"SI_D_ub";"SI_FP";"SI_FP_lb";"SI_FP_ub";"SI_FN";"SI_FN_lb";"SI_FN_ub"
0.0000000000000000e+00;-1.0000000000000000e+00;1.0000000000000000e+03;1.3000000000000000e+01;5.0000000000000000e+00;6.0000000000000000e+00;-1.0000000000000000e+00;1.7790000000000000e-02;-5.2859999999999997e-02;9.2829999999999996e-02;8.3599999999999997e-01;8.0952000000000002e-01;8.5990999999999995e-01;-1.9850000000000000e-02;-8.8340000000000002e-02;5.3530000000000001e-02;4.7059999999999998e-02;-2.6390000000000000e-02;1.2175000000000000e-01
1.0000000000000000e+00;2.5000000000000000e+01;5.0000000000000000e+04;1.3000000000000000e+01;5.0000000000000000e+00;6.0000000000000000e+00;8.5418121095221222e-01;3.8618357293255655e-02;2.8183848416012475e-02;5.0462823506996560e-02;8.7129292555560278e-01;8.6890408304947986e-01;8.7360373823806026e-01;4.5453773089828937e-03;-5.9613042451650486e-03;1.6430248112386032e-02;8.7566125242931156e-02;7.7053211195827434e-02;9.9471638149374861e-02
1.0000000000000000e+00;5.0000000000000000e+01;5.0000000000000000e+04;1.3000000000000000e+01;5.0000000000000000e+00;6.0000000000000000e+00;8.5418121095221222e-01;5.5808943581855376e-02;4.5004813288645175e-02;6.4244373770840218e-02;8.5178920686178139e-01;8.4925134854547379e-01;8.5424656354230766e-01;3.7198853625464595e-03;-7.4151631354176959e-03;1.2191974342199824e-02;8.8826659929117785e-02;7.7526236565432158e-02;9.7792484078010902e-02
1.0000000000000000e+00;1.0000000000000000e+02;5.0000000000000000e+04;1.3000000000000000e+01;5.0000000000000000e+00;6.0000000000000000e+00;8.5418121095221222e-01;4.7650734946094446e-02;3.6310513787341570e-02;5.7903924900053687e-02;8.6023606445317202e-01;8.5752354995932079e-01;8.6347452808195757e-01;4.4260030774319501e-03;-6.4729771020959831e-03;1.4365101557711656e-02;8.8613042962354810e-02;7.7731012265314689e-02;9.8658311592025913e-02
