"meta";"N_LHS";"size";"kl_dimension";"N_KL_Young";"N_KL_Diam";"R2";"SI_E";"SI_E_lb";"SI_E_ub";"SI_D";"SI_D_lb";"SI_D_ub";"SI_FP";"SI_FP_lb";"SI_FP_ub";"SI_FN";"SI_FN_lb";"SI_FN_ub"
0.0000000000000000e+00;-1.0000000000000000e+00;1.0000000000000000e+03;2.6000000000000000e+01;8.0000000000000000e+00;1.6000000000000000e+01;-1.0000000000000000e+00;1.3880000000000000e-02;-5.8330000000000000e-02;7.7140000000000000e-02;9.6548000000000000e-01;9.5965000000000000e-01;9.7167999999999999e-01;1.6930000000000001e-02;-5.6500000000000002e-02;8.0140000000000003e-02;4.0180000000000000e-02;-3.0089999999999999e-02;9.9519999999999997e-02
1.0000000000000000e+00;2.5000000000000000e+01;5.0000000000000000e+04;2.6000000000000000e+01;8.0000000000000000e+00;1.6000000000000000e+01;8.7309580344060012e-01;1.0529820858912485e-02;1.4188464059020007e-03;2.1960092690452380e-02;9.8778627703893551e-01;9.8755858707889843e-01;9.8801767318487888e-01;7.1511209698951229e-03;-2.0079704190050932e-03;1.8286454234641390e-02;1.2877873905882820e-02;3.5405424573327596e-03;2.4203949459942944e-02
1.0000000000000000e+00;5.0000000000000000e+01;5.0000000000000000e+04;2.6000000000000000e+01;8.0000000000000000e+00;1.6000000000000000e+01;8.7309580344060012e-01;9.6006777455194710e-03;6.8386834288159735e-05;2.0583120758050039e-02;9.7180527273764206e-01;9.7124868883245929e-01;9.7232248747941119e-01;8.2129328965455453e-03;-1.3524880051002861e-03;1.9383714334123864e-02;3.2623225038038405e-02;2.3127831051850633e-02;4.3973549780724902e-02
1.0000000000000000e+00;1.0000000000000000e+02;5.0000000000000000e+04;2.6000000000000000e+01;8.0000000000000000e+00;1.6000000000000000e+01;8.7309580344060012e-01;9.3197701758295712e-03;-1.0783677059290947e-03;2.0000861117835344e-02;9.7288491997171389e-01;9.7232963286660956e-01;9.7348303552498205e-01;7.9983765294452027e-03;-2.4130051701033105e-03;1.8880594012102452e-02;3.2630640898926949e-02;2.2243363565571980e-02;4.3706700880283111e-02
