"meta";"N_LHS";"size";"kl_dimension";"N_KL_Young";"N_KL_Diam";"R2";"SI_E";"SI_E_lb";"SI_E_ub";"SI_D";"SI_D_lb";"SI_D_ub";"SI_FP";"SI_FP_lb";"SI_FP_ub";"SI_FN";"SI_FN_lb";"SI_FN_ub"
0.0000000000000000e+00;-1.0000000000000000e+00;1.0000000000000000e+03;1.0000000000000000e+01;4.0000000000000000e+00;4.0000000000000000e+00;-1.0000000000000000e+00;3.1539999999999999e-02;-2.5409999999999999e-02;1.0294000000000000e-01;9.7538000000000002e-01;9.6958999999999995e-01;9.7994000000000003e-01;8.8599999999999998e-03;-4.3900000000000002e-02;7.1239999999999998e-02;8.6499999999999997e-03;-4.4310000000000002e-02;7.1879999999999999e-02
1.0000000000000000e+00;2.5000000000000000e+01;5.0000000000000000e+04;1.0000000000000000e+01;4.0000000000000000e+00;4.0000000000000000e+00;9.3809660883461921e-01;5.1297549941001930e-03;-4.5674198198743677e-03;1.6865976889055417e-02;9.7838865405611442e-01;9.7796203215479072e-01;9.7882966120878157e-01;-9.1089230173861183e-03;-1.9641050605320339e-02;2.3353435831410117e-03;-8.5930421601137733e-03;-1.9210284764312635e-02;2.9835125217623926e-03
1.0000000000000000e+00;5.0000000000000000e+01;5.0000000000000000e+04;1.0000000000000000e+01;4.0000000000000000e+00;4.0000000000000000e+00;9.3809660883461921e-01;1.0910330645117587e-02;7.4353816410642915e-04;2.2211211854364546e-02;9.7401953453281831e-01;9.7349148460063673e-01;9.7458726373498394e-01;-1.0031931152620351e-02;-2.0435288717431662e-02;1.5082268216719435e-03;-8.6274795238606115e-03;-1.9248473561421866e-02;2.9114596343263180e-03
1.0000000000000000e+00;1.0000000000000000e+02;5.0000000000000000e+04;1.0000000000000000e+01;4.0000000000000000e+00;4.0000000000000000e+00;9.3809660883461921e-01;1.0701701180116818e-02;3.3146366798212501e-04;2.0419918144154121e-02;9.7585800381406085e-01;9.7535852314720806e-01;9.7635520993025859e-01;-9.6323528248836322e-03;-1.9988689677596656e-02;-3.0987867157627363e-04;-8.6519945949514749e-03;-1.8958778218487383e-02;6.9416327546962782e-04
