"meta";"N_LHS";"size";"kl_dimension";"N_KL_Young";"N_KL_Diam";"R2";"SI_E";"SI_E_lb";"SI_E_ub";"SI_D";"SI_D_lb";"SI_D_ub";"SI_FP";"SI_FP_lb";"SI_FP_ub";"SI_FN";"SI_FN_lb";"SI_FN_ub"
0.0000000000000000e+00;-1.0000000000000000e+00;1.0000000000000000e+03;1.4000000000000000e+01;5.0000000000000000e+00;7.0000000000000000e+00;-1.0000000000000000e+00;2.3984000000000000e-01;1.7233999999999999e-01;3.0973000000000001e-01;4.0999999999999999e-04;-7.1660000000000001e-02;6.7379999999999995e-02;7.4829999999999994e-02;4.2399999999999998e-03;1.4673000000000000e-01;7.1081000000000005e-01;6.7091999999999996e-01;7.4119999999999997e-01
1.0000000000000000e+00;2.5000000000000000e+01;5.0000000000000000e+04;1.4000000000000000e+01;5.0000000000000000e+00;7.0000000000000000e+00;7.7902268414999565e-01;2.0930619783063439e-01;1.9821335089665343e-01;2.1979531362958338e-01;1.1330798084902099e-02;-6.1912785805083700e-04;2.3095929286777887e-02;3.2706364853926683e-04;-1.1606366581619615e-02;1.2006654047820517e-02;7.3357223445725017e-01;7.2949165229868929e-01;7.3774414257171061e-01
1.0000000000000000e+00;5.0000000000000000e+01;5.0000000000000000e+04;1.4000000000000000e+01;5.0000000000000000e+00;7.0000000000000000e+00;7.7902268414999565e-01;2.1276258850055749e-01;2.0319783814481523e-01;2.2171381899686388e-01;5.6178304393024632e-03;-3.9550920132241148e-03;1.5509726877947241e-02;3.6711202025769440e-02;2.6805522168074507e-02;4.6851059387879743e-02;7.3186385733735149e-01;7.2641707345260853e-01;7.3652752057823434e-01
1.0000000000000000e+00;1.0000000000000000e+02;5.0000000000000000e+04;1.4000000000000000e+01;5.0000000000000000e+00;7.0000000000000000e+00;7.7902268414999565e-01;2.1931846471319533e-01;2.0869261420148455e-01;2.2972005449367144e-01;4.9879169090685793e-03;-5.4873669145668810e-03;1.4547134986963400e-02;4.0515228039440625e-02;2.9814470254086779e-02;5.0859935888809313e-02;7.3135785016140054e-01;7.2770840389698532e-01;7.3582906199862030e-01
