"meta";"N_LHS";"size";"kl_dimension";"N_KL_Young";"N_KL_Diam";"R2";"SI_E";"SI_E_lb";"SI_E_ub";"SI_D";"SI_D_lb";"SI_D_ub";"SI_FP";"SI_FP_lb";"SI_FP_ub";"SI_FN";"SI_FN_lb";"SI_FN_ub"
0.0000000000000000e+00;-1.0000000000000000e+00;1.0000000000000000e+03;1.7000000000000000e+01;5.0000000000000000e+00;1.0000000000000000e+01;-1.0000000000000000e+00;1.1577999999999999e-01;5.4219999999999997e-02;1.8651999999999999e-01;8.3094999999999997e-01;8.0698000000000003e-01;8.5313000000000005e-01;-2.1080000000000002e-02;-8.4070000000000006e-02;4.8050000000000002e-02;-2.4479999999999998e-02;-8.7849999999999998e-02;4.3920000000000001e-02
1.0000000000000000e+00;2.5000000000000000e+01;5.0000000000000000e+04;1.7000000000000000e+01;5.0000000000000000e+00;1.0000000000000000e+01;8.8180504428716999e-01;1.3951449069483388e-01;1.2964720152588521e-01;1.5002090493530776e-01;8.4954534335499987e-01;8.4638379087982263e-01;8.5219680849644985e-01;2.1420692861307141e-03;-8.3395781603252360e-03;1.3550497469607993e-02;2.4725636459169372e-03;-7.8762768889406812e-03;1.3829954065047612e-02
1.0000000000000000e+00;5.0000000000000000e+01;5.0000000000000000e+04;1.7000000000000000e+01;5.0000000000000000e+00;1.0000000000000000e+01;8.8180504428716999e-01;1.7880244917825067e-01;1.6857820423218595e-01;1.8785535865363359e-01;8.1520087373142880e-01;8.1199481891999037e-01;8.1806482939523195e-01;1.8511999499801076e-03;-8.4227418399986168e-03;1.0047499547654963e-02;2.0712644982022882e-03;-8.3008058478509679e-03;1.0337869031840301e-02
1.0000000000000000e+00;1.0000000000000000e+02;5.0000000000000000e+04;1.7000000000000000e+01;5.0000000000000000e+00;1.0000000000000000e+01;8.8180504428716999e-01;1.7473366220688033e-01;1.6362192207635273e-01;1.8549439013129576e-01;8.2188639912522565e-01;8.1801611089081860e-01;8.2501998300902479e-01;3.1598041938968404e-03;-7.6671899873492254e-03;1.3246952403460599e-02;2.9313867971375962e-03;-7.8840301740705620e-03;1.3126096934562556e-02
