"meta";"N_LHS";"size";"kl_dimension";"N_KL_Young";"N_KL_Diam";"R2";"SI_E";"SI_E_lb";"SI_E_ub";"SI_D";"SI_D_lb";"SI_D_ub";"SI_FP";"SI_FP_lb";"SI_FP_ub";"SI_FN";"SI_FN_lb";"SI_FN_ub"
0.0000000000000000e+00;-1.0000000000000000e+00;1.0000000000000000e+03;2.5000000000000000e+01;1.4000000000000000e+01;9.0000000000000000e+00;-1.0000000000000000e+00;8.4629999999999997e-02;1.8350000000000002e-02;1.6560000000000000e-01;8.9566000000000001e-01;8.7300000000000000e-01;9.1624000000000005e-01;1.7420000000000001e-02;-5.6439999999999997e-02;9.5449999999999993e-02;5.5879999999999999e-02;-1.9380000000000001e-02;1.3019000000000000e-01
1.0000000000000000e+00;2.5000000000000000e+01;5.0000000000000000e+04;2.5000000000000000e+01;1.4000000000000000e+01;9.0000000000000000e+00;7.5023134738691433e-01;3.3747931857989466e-02;2.1328423552825829e-02;4.4477572778255696e-02;9.4168042293405330e-01;9.4050639165070560e-01;9.4279219200011677e-01;-5.1653697081620034e-03;-1.7187638140733739e-02;5.6145358470567350e-03;-2.9678561813916760e-03;-1.4981873543225506e-02;7.6681667155591151e-03
1.0000000000000000e+00;5.0000000000000000e+01;5.0000000000000000e+04;2.5000000000000000e+01;1.4000000000000000e+01;9.0000000000000000e+00;7.5023134738691433e-01;5.8473590009195463e-02;4.7878858050559789e-02;6.8660980841303607e-02;9.0404957502157268e-01;9.0221551850080417e-01;9.0621320732273780e-01;-3.6338115237068876e-03;-1.4043933735670281e-02;6.6924517549474616e-03;1.7380201332434318e-02;7.0570065302419686e-03;2.7674048453034211e-02
1.0000000000000000e+00;1.0000000000000000e+02;5.0000000000000000e+04;2.5000000000000000e+01;1.4000000000000000e+01;9.0000000000000000e+00;7.5023134738691433e-01;6.9930254376413162e-02;6.0412953809254023e-02;7.9591221791638161e-02;8.9406582319872174e-01;8.9240952893287140e-01;8.9609101790016155e-01;-2.9391485847088750e-03;-1.2678548510939172e-02;6.3424213105337289e-03;1.8749252602673572e-02;8.8610841112456862e-03;2.7851206224980489e-02
