"meta";"N_LHS";"size";"kl_dimension";"N_KL_Young";"N_KL_Diam";"R2";"SI_E";"SI_E_lb";"SI_E_ub";"SI_D";"SI_D_lb";"SI_D_ub";"SI_FP";"SI_FP_lb";"SI_FP_ub";"SI_FN";"SI_FN_lb";"SI_FN_ub"
0.0000000000000000e+00;-1.0000000000000000e+00;1.0000000000000000e+03;4.1000000000000000e+01;2.2000000000000000e+01;1.7000000000000000e+01;-1.0000000000000000e+00;5.0600000000000003e-03;-5.7970000000000001e-02;7.2919999999999999e-02;5.3796999999999995e-01;4.8590000000000000e-01;5.9009000000000000e-01;3.3820000000000003e-02;-2.5319999999999999e-02;1.0353999999999999e-01;4.1121000000000002e-01;3.5638999999999998e-01;4.7932999999999998e-01
1.0000000000000000e+00;2.5000000000000000e+01;5.0000000000000000e+04;4.1000000000000000e+01;2.2000000000000000e+01;1.7000000000000000e+01;8.6448035538884993e-01;5.2468502360799888e-03;-5.4635660160732586e-03;1.6719427240449777e-02;6.9574037201809902e-01;6.9073720208653500e-01;7.0108452168855850e-01;-1.2728362161647294e-03;-1.1970078426051051e-02;9.7984463179263039e-03;2.8542054507010844e-01;2.7689038684176226e-01;2.9401721265885289e-01
1.0000000000000000e+00;5.0000000000000000e+01;5.0000000000000000e+04;4.1000000000000000e+01;2.2000000000000000e+01;1.7000000000000000e+01;8.6448035538884993e-01;3.2767825449720057e-03;-7.6080897954569774e-03;1.2658807628228403e-02;5.3323110518280969e-01;5.2655932903847080e-01;5.3848430158992189e-01;-1.6919226786196245e-03;-1.2788346144455802e-02;7.8225870935495351e-03;4.4634510380526704e-01;4.3933533774205086e-01;4.5384112291353051e-01
1.0000000000000000e+00;1.0000000000000000e+02;5.0000000000000000e+04;4.1000000000000000e+01;2.2000000000000000e+01;1.7000000000000000e+01;8.6448035538884993e-01;2.9475989269635815e-03;-6.8555216254099147e-03;1.4607995154518827e-02;5.4699544780020060e-01;5.3979843738630595e-01;5.5424161011163298e-01;3.0372589714929487e-03;-6.6417169827764607e-03;1.4620748462203285e-02;4.3068502487251870e-01;4.2189673664753319e-01;4.3909866099745759e-01
