"meta";"N_LHS";"size";"kl_dimension";"N_KL_Young";"N_KL_Diam";"R2";"SI_E";"SI_E_lb";"SI_E_ub";"SI_D";"SI_D_lb";"SI_D_ub";"SI_FP";"SI_FP_lb";"SI_FP_ub";"SI_FN";"SI_FN_lb";"SI_FN_ub"
0.0000000000000000e+00;-1.0000000000000000e+00;1.0000000000000000e+03;1.8000000000000000e+01;8.0000000000000000e+00;8.0000000000000000e+00;-1.0000000000000000e+00;1.0829999999999999e-02;-6.0789999999999997e-02;7.8460000000000002e-02;9.1825999999999997e-01;9.0590000000000004e-01;9.2935999999999996e-01;1.6029999999999999e-02;-5.4190000000000002e-02;8.4000000000000005e-02;9.6629999999999994e-02;2.4060000000000002e-02;1.7094999999999999e-01
1.0000000000000000e+00;2.5000000000000000e+01;5.0000000000000000e+04;1.8000000000000000e+01;8.0000000000000000e+00;8.0000000000000000e+00;8.8683487674843242e-01;1.4890479707079570e-02;5.6423657709494882e-03;2.6034261966308536e-02;9.4211009944121593e-01;9.4081110535113477e-01;9.4321276392471098e-01;1.0074115354331519e-02;8.7804677251701266e-04;2.0766106377768708e-02;4.6645626909881277e-02;3.8152781432083824e-02;5.6841438184353971e-02
1.0000000000000000e+00;5.0000000000000000e+01;5.0000000000000000e+04;1.8000000000000000e+01;8.0000000000000000e+00;8.0000000000000000e+00;8.8683487674843242e-01;9.0541088861117707e-03;-4.5768973141523079e-04;1.9902585144080883e-02;9.2964950470865992e-01;9.2839974806581738e-01;9.3106251497169001e-01;8.7216193023891813e-03;-7.0187066172069793e-04;1.9429242807318739e-02;6.7692238350223685e-02;5.8531662072205892e-02;7.8669558062905362e-02
1.0000000000000000e+00;1.0000000000000000e+02;5.0000000000000000e+04;1.8000000000000000e+01;8.0000000000000000e+00;8.0000000000000000e+00;8.8683487674843242e-01;1.0558577573343180e-02;-3.9940475331554548e-04;2.0908918013398010e-02;9.2103631803149211e-01;9.1935767800356727e-01;9.2251342151721472e-01;7.5442904031640659e-03;-3.5435537529577552e-03;1.7825275130490321e-02;7.6034840151075145e-02;6.3948720565299641e-02;8.5858837858456646e-02
