"meta";"N_LHS";"size";"kl_dimension";"N_KL_Young";"N_KL_Diam";"R2";"SI_E";"SI_E_lb";"SI_E_ub";"SI_D";"SI_D_lb";"SI_D_ub";"SI_FP";"SI_FP_lb";"SI_FP_ub";"SI_FN";"SI_FN_lb";"SI_FN_ub"
0.0000000000000000e+00;-1.0000000000000000e+00;1.0000000000000000e+03;1.2000000000000000e+01;4.0000000000000000e+00;6.0000000000000000e+00;-1.0000000000000000e+00;1.6969999999999999e-02;-4.4560000000000002e-02;9.1340000000000005e-02;8.8241999999999998e-01;8.6246000000000000e-01;9.0029000000000003e-01;-4.4999999999999999e-04;-6.2030000000000002e-02;7.0209999999999995e-02;7.9670000000000005e-02;2.1219999999999999e-02;1.4742000000000000e-01
1.0000000000000000e+00;2.5000000000000000e+01;5.0000000000000000e+04;1.2000000000000000e+01;4.0000000000000000e+00;6.0000000000000000e+00;9.3974430264566255e-01;1.1213524104561209e-02;1.6034292474565565e-03;2.2317246042480299e-02;9.3531710804816104e-01;9.3403294938162207e-01;9.3666687551984118e-01;-5.6954498308975808e-03;-1.5938472387435208e-02;5.0814022304150330e-03;3.0314623654192074e-02;2.0282114724144342e-02;4.0804738309423362e-02
1.0000000000000000e+00;5.0000000000000000e+01;5.0000000000000000e+04;1.2000000000000000e+01;4.0000000000000000e+00;6.0000000000000000e+00;9.3974430264566255e-01;1.2249573849655330e-02;2.0606741471289485e-03;2.2675834039252798e-02;8.9322927872859592e-01;8.9119106756731648e-01;8.9524182125078655e-01;-4.4749305646804016e-03;-1.4463787592698410e-02;5.6809229696978087e-03;7.6678124020165522e-02;6.5793328445016605e-02;8.8216166047232369e-02
1.0000000000000000e+00;1.0000000000000000e+02;5.0000000000000000e+04;1.2000000000000000e+01;4.0000000000000000e+00;6.0000000000000000e+00;9.3974430264566255e-01;1.5288654744932319e-02;5.1030675840176816e-03;2.5687313935727828e-02;8.8190709661313937e-01;8.7894594085419175e-01;8.8452108729325485e-01;-7.0318144749315801e-03;-1.6953574080625113e-02;2.7195987526389700e-03;7.2501399929524118e-02;6.2794781172591296e-02;8.2049825039558863e-02
