"meta";"N_LHS";"size";"kl_dimension";"N_KL_Young";"N_KL_Diam";"R2";"SI_E";"SI_E_lb";"SI_E_ub";"SI_D";"SI_D_lb";"SI_D_ub";"SI_FP";"SI_FP_lb";"SI_FP_ub";"SI_FN";"SI_FN_lb";"SI_FN_ub"
0.0000000000000000e+00;-1.0000000000000000e+00;1.0000000000000000e+03;2.9000000000000000e+01;7.0000000000000000e+00;2.0000000000000000e+01;-1.0000000000000000e+00;9.1920000000000002e-02;2.7160000000000000e-02;1.4877000000000001e-01;8.4735000000000005e-01;8.1559999999999999e-01;8.7680000000000002e-01;1.7049999999999999e-02;-5.4510000000000003e-02;7.8090000000000007e-02;9.1219999999999996e-02;1.2440000000000000e-02;1.5736000000000000e-01
1.0000000000000000e+00;2.5000000000000000e+01;5.0000000000000000e+04;2.9000000000000000e+01;7.0000000000000000e+00;2.0000000000000000e+01;8.1127027318864176e-01;3.7233648701650614e-02;2.7861296191947063e-02;4.7822001081630067e-02;9.3211365423170667e-01;9.3082866901533623e-01;9.3314803398855428e-01;-4.1365212158757202e-04;-1.0264986128717866e-02;1.0042843884565184e-02;2.2020574515670573e-02;1.2454073290220956e-02;3.2719090085034784e-02
1.0000000000000000e+00;5.0000000000000000e+01;5.0000000000000000e+04;2.9000000000000000e+01;7.0000000000000000e+00;2.0000000000000000e+01;8.1127027318864176e-01;9.7506809355749680e-02;8.7926645498757269e-02;1.0937963176758471e-01;8.6480982417265262e-01;8.6216086010600657e-01;8.6768077985624914e-01;-2.6251385355125136e-03;-1.2034500273768206e-02;8.9939218004321773e-03;2.1019022377822785e-02;1.1723901718151719e-02;3.1581046965257459e-02
1.0000000000000000e+00;1.0000000000000000e+02;5.0000000000000000e+04;2.9000000000000000e+01;7.0000000000000000e+00;2.0000000000000000e+01;8.1127027318864176e-01;9.0309286975103598e-02;7.9765799011460775e-02;1.0033508572102186e-01;8.6806068605347808e-01;8.6534926207609431e-01;8.7076337660999026e-01;-2.8470935776176891e-03;-1.2535083359329655e-02;7.1472748935917166e-03;3.0879984151502889e-02;2.1413424560150461e-02;4.0603558935594898e-02
