"meta";"N_LHS";"size";"kl_dimension";"N_KL_Young";"N_KL_Diam";"R2";"SI_E";"SI_E_lb";"SI_E_ub";"SI_D";"SI_D_lb";"SI_D_ub";"SI_FP";"SI_FP_lb";"SI_FP_ub";"SI_FN";"SI_FN_lb";"SI_FN_ub"
0.0000000000000000e+00;-1.0000000000000000e+00;1.0000000000000000e+03;1.4000000000000000e+01;5.0000000000000000e+00;7.0000000000000000e+00;-1.0000000000000000e+00;9.8999999999999999e-04;-7.1290000000000006e-02;7.0669999999999997e-02;9.5338000000000001e-01;9.4574000000000003e-01;9.5996999999999999e-01;-2.0289999999999999e-02;-9.3530000000000002e-02;5.0670000000000000e-02;-6.6499999999999997e-03;-8.0130000000000007e-02;6.4380000000000007e-02
1.0000000000000000e+00;2.5000000000000000e+01;5.0000000000000000e+04;1.4000000000000000e+01;5.0000000000000000e+00;7.0000000000000000e+00;9.0082469085447892e-01;1.0135042786530889e-02;-4.1196806547167688e-04;2.0208779381501146e-02;9.8816738823698458e-01;9.8795250407487223e-01;9.8839273797749694e-01;2.5649069221020501e-03;-7.7600163074947855e-03;1.2570438855506266e-02;3.3364052078797006e-03;-7.0208723389293612e-03;1.3400928642360761e-02
1.0000000000000000e+00;5.0000000000000000e+01;5.0000000000000000e+04;1.4000000000000000e+01;5.0000000000000000e+00;7.0000000000000000e+00;9.0082469085447892e-01;3.1528950589946730e-02;2.1842892745219489e-02;4.0799672411588515e-02;9.5543774330214681e-01;9.5447394327223811e-01;9.5612574954520868e-01;2.7375365304196991e-03;-7.0615607598671628e-03;1.1508896165124610e-02;1.5082848710999764e-02;5.5709972629104272e-03;2.3632458514471533e-02
1.0000000000000000e+00;1.0000000000000000e+02;5.0000000000000000e+04;1.4000000000000000e+01;5.0000000000000000e+00;7.0000000000000000e+00;9.0082469085447892e-01;2.9575335153991314e-02;1.8345669691203177e-02;4.0014322823664933e-02;9.5673293493536826e-01;9.5555245360131191e-01;9.5775416801213187e-01;2.8966044261280292e-03;-8.2129992928472867e-03;1.3092672124287134e-02;1.7427908380853910e-02;6.0619966578190103e-03;2.7583062091225876e-02
