"meta";"N_LHS";"size";"kl_dimension";"N_KL_Young";"N_KL_Diam";"R2";"SI_E";"SI_E_lb";"SI_E_ub";"SI_D";"SI_D_lb";"SI_D_ub";"SI_FP";"SI_FP_lb";"SI_FP_ub";"SI_FN";"SI_FN_lb";"SI_FN_ub"
0.0000000000000000e+00;-1.0000000000000000e+00;1.0000000000000000e+03;1.9000000000000000e+01;1.2000000000000000e+01;5.0000000000000000e+00;-1.0000000000000000e+00;1.2899999999999999e-03;-6.6500000000000004e-02;6.6860000000000003e-02;5.7933000000000001e-01;5.3113999999999995e-01;6.2775999999999998e-01;3.1500000000000000e-03;-6.5930000000000002e-02;7.0790000000000006e-02;3.8783000000000001e-01;3.2662000000000002e-01;4.4806000000000001e-01
1.0000000000000000e+00;2.5000000000000000e+01;5.0000000000000000e+04;1.9000000000000000e+01;1.2000000000000000e+01;5.0000000000000000e+00;8.8318616140893236e-01;3.5696368832162156e-03;-6.2071391036141064e-03;1.3650260565694430e-02;5.2482972011214979e-01;5.1739705082128895e-01;5.3137136454552258e-01;-1.3516180645334927e-03;-1.1090474603025743e-02;8.7328009991310424e-03;4.3407944749506200e-01;4.2666558916187936e-01;4.4177260370748589e-01
1.0000000000000000e+00;5.0000000000000000e+01;5.0000000000000000e+04;1.9000000000000000e+01;1.2000000000000000e+01;5.0000000000000000e+00;8.8318616140893236e-01;7.4433784140057115e-04;-9.9058242021927145e-03;1.0834535523354566e-02;5.6777207881697600e-01;5.6055965817940268e-01;5.7503641150086549e-01;-2.0269615409614500e-03;-1.2503006004232431e-02;8.1255088885102775e-03;4.1879266814919530e-01;4.1152011463547833e-01;4.2721129109789358e-01
1.0000000000000000e+00;1.0000000000000000e+02;5.0000000000000000e+04;1.9000000000000000e+01;1.2000000000000000e+01;5.0000000000000000e+00;8.8318616140893236e-01;8.9806465130723467e-04;-8.4819140747913139e-03;1.2836556473738620e-02;5.5143809352866502e-01;5.4463675500378350e-01;5.5839228263509766e-01;-2.2557942943744859e-03;-1.1524353750712419e-02;9.7309606073981737e-03;4.3782222600723936e-01;4.3050028618033631e-01;4.4538560646193948e-01
