"meta";"N_LHS";"size";"kl_dimension";"N_KL_Young";"N_KL_Diam";"R2";"SI_E";"SI_E_lb";"SI_E_ub";"SI_D";"SI_D_lb";"SI_D_ub";"SI_FP";"SI_FP_lb";"SI_FP_ub";"SI_FN";"SI_FN_lb";"SI_FN_ub"
0.0000000000000000e+00;-1.0000000000000000e+00;1.0000000000000000e+03;1.5000000000000000e+01;8.0000000000000000e+00;5.0000000000000000e+00;-1.0000000000000000e+00;5.9530000000000000e-02;-1.8560000000000000e-02;1.3780000000000001e-01;9.3906999999999996e-01;9.2998000000000003e-01;9.4752000000000003e-01;3.5819999999999998e-02;-3.4799999999999998e-02;1.1143000000000000e-01;3.1570000000000001e-02;-3.8870000000000002e-02;1.0773000000000001e-01
1.0000000000000000e+00;2.5000000000000000e+01;5.0000000000000000e+04;1.5000000000000000e+01;8.0000000000000000e+00;5.0000000000000000e+00;9.2469009735966357e-01;5.1376687335697488e-02;4.2172826375483426e-02;6.2917974912369529e-02;9.4461769762897241e-01;9.4360390232982094e-01;9.4559994379864998e-01;6.2622610298998637e-03;-2.5390368199160137e-03;1.7247546322510767e-02;8.6763464469962401e-03;-4.0596785876057445e-04;1.9542107385510123e-02
1.0000000000000000e+00;5.0000000000000000e+01;5.0000000000000000e+04;1.5000000000000000e+01;8.0000000000000000e+00;5.0000000000000000e+00;9.2469009735966357e-01;5.4800144526657636e-02;4.6631686288740717e-02;6.4647543414973571e-02;9.4780560460957608e-01;9.4673331490198209e-01;9.4877091943041914e-01;6.9314894398187880e-03;-9.9674630803794581e-04;1.7067853411158272e-02;7.0297973683567357e-03;-9.0426031469533939e-04;1.7142937672558790e-02
1.0000000000000000e+00;1.0000000000000000e+02;5.0000000000000000e+04;1.5000000000000000e+01;8.0000000000000000e+00;5.0000000000000000e+00;9.2469009735966357e-01;5.8317737950623505e-02;4.7260077038229556e-02;6.9632526150799179e-02;9.4295227632817369e-01;9.4200322379123391e-01;9.4416962327331089e-01;8.9947301085880130e-03;-2.4467250953662408e-03;2.0534316791354156e-02;8.8646906549082142e-03;-2.4060829948031764e-03;2.0105387171308758e-02
