"meta";"N_LHS";"size";"kl_dimension";"N_KL_Young";"N_KL_Diam";"R2";"SI_E";"SI_E_lb";"SI_E_ub";"SI_D";"SI_D_lb";"SI_D_ub";"SI_FP";"SI_FP_lb";"SI_FP_ub";"SI_FN";"SI_FN_lb";"SI_FN_ub"
0.0000000000000000e+00;-1.0000000000000000e+00;1.0000000000000000e+03;1.3000000000000000e+01;4.0000000000000000e+00;7.0000000000000000e+00;-1.0000000000000000e+00;-5.8700000000000002e-03;-5.7079999999999999e-02;6.5129999999999993e-02;9.6131999999999995e-01;9.5423999999999998e-01;9.6811999999999998e-01;-4.2800000000000000e-03;-5.6200000000000000e-02;6.4850000000000005e-02;2.8719999999999999e-02;-2.6740000000000000e-02;1.0342999999999999e-01
1.0000000000000000e+00;2.5000000000000000e+01;5.0000000000000000e+04;1.3000000000000000e+01;4.0000000000000000e+00;7.0000000000000000e+00;8.9768273663460330e-01;-4.9215292539808390e-03;-1.4817985122706937e-02;4.8036962462003280e-03;9.7536325337013374e-01;9.7488419406515292e-01;9.7585948385082344e-01;-7.3975409105550014e-03;-1.7144553272809112e-02;2.1449912868077977e-03;1.1435149735167738e-02;1.4568669173112342e-03;2.1740356239117246e-02
1.0000000000000000e+00;5.0000000000000000e+01;5.0000000000000000e+04;1.3000000000000000e+01;4.0000000000000000e+00;7.0000000000000000e+00;8.9768273663460330e-01;-7.1432304858564770e-03;-1.7377213686995328e-02;4.4386111816950716e-03;9.7235091529853446e-01;9.7178865816714710e-01;9.7304895090814136e-01;-8.2827161193867668e-03;-1.8636579631916828e-02;3.3109435989012470e-03;1.6265013037387557e-02;6.3699389014063527e-03;2.7325243717089550e-02
1.0000000000000000e+00;1.0000000000000000e+02;5.0000000000000000e+04;1.3000000000000000e+01;4.0000000000000000e+00;7.0000000000000000e+00;8.9768273663460330e-01;-8.8692602698752145e-03;-1.9661188082691860e-02;8.4094811021870883e-04;9.7419264273215589e-01;9.7357789741510692e-01;9.7490769992361148e-01;-9.4571233859536280e-03;-2.0488041565045963e-02;3.9135657693549584e-04;1.5447940566907773e-02;4.5833361952066012e-03;2.5485395720586817e-02
