"meta";"N_LHS";"size";"kl_dimension";"N_KL_Young";"N_KL_Diam";"R2";"SI_E";"SI_E_lb";"SI_E_ub";"SI_D";"SI_D_lb";"SI_D_ub";"SI_FP";"SI_FP_lb";"SI_FP_ub";"SI_FN";"SI_FN_lb";"SI_FN_ub"
0.0000000000000000e+00;-1.0000000000000000e+00;1.0000000000000000e+03;1.9000000000000000e+02;9.4000000000000000e+01;9.4000000000000000e+01;-1.0000000000000000e+00;2.7317999999999998e-01;2.1299999999999999e-01;3.3994000000000002e-01;6.3744000000000001e-01;5.9811000000000003e-01;6.7749999999999999e-01;-1.5100000000000001e-02;-8.7429999999999994e-02;6.1050000000000000e-02;5.3210000000000000e-02;-7.1799999999999998e-03;1.2449000000000000e-01
1.0000000000000000e+00;2.5000000000000000e+01;5.0000000000000000e+04;1.9000000000000000e+02;9.4000000000000000e+01;9.4000000000000000e+01;-5.3416146557072608e-06;6.8108401888849575e-03;-5.5585060022341629e-03;2.3600606054280781e-02;1.0783761418539761e-02;-4.9474164539123613e-03;4.6632621405982753e-02;-9.7640187398338906e-05;-5.1607477086743482e-04;-6.4801616558733017e-06;-9.7587127811368449e-05;-5.1662644515545596e-04;-6.0399027854818616e-06
1.0000000000000000e+00;5.0000000000000000e+01;5.0000000000000000e+04;1.9000000000000000e+02;9.4000000000000000e+01;9.4000000000000000e+01;-5.3416146557072608e-06;8.8169738203265596e-02;1.8646466220593617e-02;1.9666499200510254e-01;3.8355253458466744e-04;-8.0361523802766684e-04;1.6870057084128409e-03;7.8914114342384326e-04;-4.0285133992605472e-04;2.9298037200973090e-03;8.5165188088071574e-04;-5.0306765901631477e-04;2.9595149834189738e-03
1.0000000000000000e+00;1.0000000000000000e+02;5.0000000000000000e+04;1.9000000000000000e+02;9.4000000000000000e+01;9.4000000000000000e+01;-5.3416146557072608e-06;2.1418268875848436e-02;7.8787421576192018e-03;3.5495913619239046e-02;6.9674156026701892e-02;3.3749615064842503e-02;1.1354678893543761e-01;5.3336477015455529e-03;-1.2027509622178647e-03;1.2759228634911990e-02;3.0573092742893224e-03;-1.9500074932755824e-03;8.7984082121988372e-03
