"meta";"N_LHS";"size";"kl_dimension";"N_KL_Young";"N_KL_Diam";"R2";"SI_E";"SI_E_lb";"SI_E_ub";"SI_D";"SI_D_lb";"SI_D_ub";"SI_FP";"SI_FP_lb";"SI_FP_ub";"SI_FN";"SI_FN_lb";"SI_FN_ub"
0.0000000000000000e+00;-1.0000000000000000e+00;1.0000000000000000e+03;1.5000000000000000e+01;9.0000000000000000e+00;4.0000000000000000e+00;-1.0000000000000000e+00;-1.2930000000000001e-02;-8.3280000000000007e-02;7.0309999999999997e-02;9.5269000000000004e-01;9.4518999999999997e-01;9.5957999999999999e-01;-1.2860000000000000e-02;-8.3760000000000001e-02;7.1749999999999994e-02;4.1250000000000002e-02;-3.0509999999999999e-02;1.2759000000000001e-01
1.0000000000000000e+00;2.5000000000000000e+01;5.0000000000000000e+04;1.5000000000000000e+01;9.0000000000000000e+00;4.0000000000000000e+00;9.1424189238999609e-01;8.6904326409015676e-03;-1.2106746448507599e-03;1.9124395288086675e-02;9.7948633109092154e-01;9.7904006177544234e-01;9.7989579404582872e-01;3.4341842940456518e-03;-6.0353454162179977e-03;1.3448346388513782e-02;1.1512549349313148e-02;1.5072072186103976e-03;2.1853665293033321e-02
1.0000000000000000e+00;5.0000000000000000e+01;5.0000000000000000e+04;1.5000000000000000e+01;9.0000000000000000e+00;4.0000000000000000e+00;9.1424189238999609e-01;7.3914083639481255e-03;-2.4444335699089046e-03;1.8514438981620963e-02;9.6182591886143842e-01;9.6095055255513340e-01;9.6274926768976854e-01;5.0136623607513996e-03;-4.6363682708672515e-03;1.6021522568502176e-02;3.5159017835284766e-02;2.5452790592141256e-02;4.5995967144553188e-02
1.0000000000000000e+00;1.0000000000000000e+02;5.0000000000000000e+04;1.5000000000000000e+01;9.0000000000000000e+00;4.0000000000000000e+00;9.1424189238999609e-01;7.3553412340943026e-03;-2.4251401876873250e-03;1.7449671513885701e-02;9.5569820672777694e-01;9.5459662142793755e-01;9.5657484635856693e-01;4.7729046519883241e-03;-5.0295124854850218e-03;1.4833976406860386e-02;3.9884401416086221e-02;2.9845299174601055e-02;5.0396609310229414e-02
