"meta";"N_LHS";"size";"kl_dimension";"N_KL_Young";"N_KL_Diam";"R2";"SI_E";"SI_E_lb";"SI_E_ub";"SI_D";"SI_D_lb";"SI_D_ub";"SI_FP";"SI_FP_lb";"SI_FP_ub";"SI_FN";"SI_FN_lb";"SI_FN_ub"
0.0000000000000000e+00;-1.0000000000000000e+00;1.0000000000000000e+03;1.2000000000000000e+01;6.0000000000000000e+00;4.0000000000000000e+00;-1.0000000000000000e+00;-8.7100000000000007e-03;-7.5819999999999999e-02;7.3599999999999999e-02;9.5377000000000001e-01;9.4701999999999997e-01;9.5987999999999996e-01;-2.5800000000000000e-02;-9.5030000000000003e-02;5.8819999999999997e-02;-1.3899999999999999e-02;-7.9280000000000003e-02;6.6000000000000003e-02
1.0000000000000000e+00;2.5000000000000000e+01;5.0000000000000000e+04;1.2000000000000000e+01;6.0000000000000000e+00;4.0000000000000000e+00;8.7646711513967435e-01;1.5717074065137497e-02;6.6641202794259511e-03;2.5558115229007711e-02;9.5375395993110790e-01;9.5300267517155912e-01;9.5468582386930689e-01;-3.2891410031043807e-03;-1.2208534600264689e-02;5.8977772617048816e-03;1.0350692749818017e-02;1.2255992702724175e-03;2.0000516392994709e-02
1.0000000000000000e+00;5.0000000000000000e+01;5.0000000000000000e+04;1.2000000000000000e+01;6.0000000000000000e+00;4.0000000000000000e+00;8.7646711513967435e-01;7.9729232224302199e-03;-4.7499316530792560e-04;1.5625013269454244e-02;9.6992901286705147e-01;9.6922246550412761e-01;9.7074237226113824e-01;-4.7796221942756397e-03;-1.3503817634092910e-02;3.1349810834612802e-03;8.1160229036767884e-03;-3.7373719139345476e-04;1.6099908072855971e-02
1.0000000000000000e+00;1.0000000000000000e+02;5.0000000000000000e+04;1.2000000000000000e+01;6.0000000000000000e+00;4.0000000000000000e+00;8.7646711513967435e-01;1.1462304091184566e-02;-1.9310801905474671e-04;2.1011276141726990e-02;9.6504532567076518e-01;9.6414506881213879e-01;9.6594639477969468e-01;-5.4366400195613260e-03;-1.7158696209155760e-02;3.8514803508587999e-03;8.7254512159254515e-03;-3.0014352898263211e-03;1.8656248906150263e-02
