"meta";"N_LHS";"size";"kl_dimension";"N_KL_Young";"N_KL_Diam";"R2";"SI_E";"SI_E_lb";"SI_E_ub";"SI_D";"SI_D_lb";"SI_D_ub";"SI_FP";"SI_FP_lb";"SI_FP_ub";"SI_FN";"SI_FN_lb";"SI_FN_ub"
0.0000000000000000e+00;-1.0000000000000000e+00;1.0000000000000000e+03;1.5100000000000000e+02;7.8000000000000000e+01;7.1000000000000000e+01;-1.0000000000000000e+00;2.7210000000000002e-02;-5.1610000000000003e-02;9.9919999999999995e-02;9.3711999999999995e-01;9.2423999999999995e-01;9.5318000000000003e-01;1.6430000000000000e-02;-6.1550000000000001e-02;8.7160000000000001e-02;8.2239999999999994e-02;-1.4999999999999999e-04;1.5150000000000000e-01
1.0000000000000000e+00;2.5000000000000000e+01;5.0000000000000000e+04;1.5100000000000000e+02;7.8000000000000000e+01;7.1000000000000000e+01;-2.0802691797960904e-04;7.8790320039592396e-02;5.5693587870676992e-02;1.0920831584358105e-01;4.7377100766805194e-02;3.5307276041205711e-02;6.4664550123049572e-02;1.5252542558310998e-03;-4.9204954087025254e-03;9.1612790717837157e-03;1.6854109196512573e-03;-5.0741271488247237e-03;9.8122465471446717e-03
1.0000000000000000e+00;5.0000000000000000e+01;5.0000000000000000e+04;1.5100000000000000e+02;7.8000000000000000e+01;7.1000000000000000e+01;-2.0802691797960904e-04;-6.4592879333672604e-03;-1.7515066725749508e-02;3.7994539214221941e-03;9.9010541611107861e-01;9.8992285811309411e-01;9.9025463946901449e-01;-8.6216317980154257e-03;-1.9742943733244492e-02;1.6923389266301362e-03;-4.9097372624527045e-03;-1.5818891702889689e-02;5.3462815244002902e-03
1.0000000000000000e+00;1.0000000000000000e+02;5.0000000000000000e+04;1.5100000000000000e+02;7.8000000000000000e+01;7.1000000000000000e+01;-2.0802691797960904e-04;-5.7154091059723102e-03;-1.6655099398032190e-02;3.7918805247593597e-03;9.7096033027987649e-01;9.7047470633338118e-01;9.7152823660684406e-01;-8.7311200664769960e-03;-1.9688549299086262e-02;8.7697994391671558e-04;1.2847682791227036e-02;2.0550011285683217e-03;2.2352958982626354e-02
