"meta";"N_LHS";"size";"kl_dimension";"N_KL_Young";"N_KL_Diam";"R2";"SI_E";"SI_E_lb";"SI_E_ub";"SI_D";"SI_D_lb";"SI_D_ub";"SI_FP";"SI_FP_lb";"SI_FP_ub";"SI_FN";"SI_FN_lb";"SI_FN_ub"
0.0000000000000000e+00;-1.0000000000000000e+00;1.0000000000000000e+03;1.2000000000000000e+01;6.0000000000000000e+00;4.0000000000000000e+00;-1.0000000000000000e+00;2.2550000000000001e-02;-4.6539999999999998e-02;1.0595000000000000e-01;9.1203999999999996e-01;8.9900000000000002e-01;9.2361000000000004e-01;-2.3740000000000001e-02;-9.4820000000000002e-02;6.1409999999999999e-02;-9.8399999999999998e-03;-7.6369999999999993e-02;6.9639999999999994e-02
1.0000000000000000e+00;2.5000000000000000e+01;5.0000000000000000e+04;1.2000000000000000e+01;6.0000000000000000e+00;4.0000000000000000e+00;8.7259492920912618e-01;4.7400559083411162e-02;3.8588409045372321e-02;5.7117804075675606e-02;9.1910559340215592e-01;9.1778051221666124e-01;9.2070316991614931e-01;-1.9263796123655942e-03;-1.0866996133454895e-02;7.3449373689846104e-03;1.2392574008775865e-02;3.3835426430895428e-03;2.1814716742530840e-02
1.0000000000000000e+00;5.0000000000000000e+01;5.0000000000000000e+04;1.2000000000000000e+01;6.0000000000000000e+00;4.0000000000000000e+00;8.7259492920912618e-01;3.4123219475613954e-02;2.6176613733947880e-02;4.1501590244451880e-02;9.3949253601356175e-01;9.3809230603276372e-01;9.4114947253695991e-01;-4.3682937663162289e-03;-1.3081445786424022e-02;4.0315358778191517e-03;1.1244533881576677e-02;2.7752028500320027e-03;1.9627941141753039e-02
1.0000000000000000e+00;1.0000000000000000e+02;5.0000000000000000e+04;1.2000000000000000e+01;6.0000000000000000e+00;4.0000000000000000e+00;8.7259492920912618e-01;4.2532676501088648e-02;3.0696531365636062e-02;5.2362126676457697e-02;9.2961535174178878e-01;9.2792994241462246e-01;9.3133715748668822e-01;-4.8379804787553231e-03;-1.6756752252596839e-02;4.3388663169845491e-03;1.1527688069134609e-02;-2.9794910632281128e-04;2.1230157751584464e-02
