"meta";"N_LHS";"size";"kl_dimension";"N_KL_Young";"N_KL_Diam";"R2";"SI_E";"SI_E_lb";"SI_E_ub";"SI_D";"SI_D_lb";"SI_D_ub";"SI_FP";"SI_FP_lb";"SI_FP_ub";"SI_FN";"SI_FN_lb";"SI_FN_ub"
0.0000000000000000e+00;-1.0000000000000000e+00;1.0000000000000000e+03;1.6000000000000000e+01;8.0000000000000000e+00;6.0000000000000000e+00;-1.0000000000000000e+00;1.2942999999999999e-01;5.7840000000000003e-02;1.9963000000000000e-01;8.2276000000000005e-01;8.0052000000000001e-01;8.4455000000000002e-01;2.9170000000000001e-02;-3.5729999999999998e-02;1.0348000000000000e-01;6.5869999999999998e-02;-1.7300000000000000e-03;1.3888000000000000e-01
1.0000000000000000e+00;2.5000000000000000e+01;5.0000000000000000e+04;1.6000000000000000e+01;8.0000000000000000e+00;6.0000000000000000e+00;9.4091901998378635e-01;1.4629073689688318e-01;1.3596412314407955e-01;1.5754869908795349e-01;8.2784730910922522e-01;8.2523992088572296e-01;8.3093532243327994e-01;6.5966141571680605e-03;-2.6095659825490182e-03;1.7395044460840819e-02;2.3104519622208993e-02;1.3210930203880837e-02;3.4342500027611127e-02
1.0000000000000000e+00;5.0000000000000000e+01;5.0000000000000000e+04;1.6000000000000000e+01;8.0000000000000000e+00;6.0000000000000000e+00;9.4091901998378635e-01;1.3836993461980709e-01;1.2774671519064032e-01;1.4848887060387156e-01;8.2893283650048488e-01;8.2591973190710055e-01;8.3198429581627886e-01;4.4941172164258839e-03;-5.7467718333898210e-03;1.4779798089254293e-02;3.4572298789446294e-02;2.3867801168153222e-02;4.4789592172346779e-02
1.0000000000000000e+00;1.0000000000000000e+02;5.0000000000000000e+04;1.6000000000000000e+01;8.0000000000000000e+00;6.0000000000000000e+00;9.4091901998378635e-01;1.3127441154972941e-01;1.2084171029094874e-01;1.4144148684853081e-01;8.3353193150653038e-01;8.3044408917873258e-01;8.3681945862737783e-01;4.3193792904861810e-03;-6.1323130837885060e-03;1.4164592724101867e-02;3.9129246750662830e-02;2.8408738666523398e-02;4.8810857217000125e-02
