"meta";"N_LHS";"size";"kl_dimension";"N_KL_Young";"N_KL_Diam";"R2";"SI_E";"SI_E_lb";"SI_E_ub";"SI_D";"SI_D_lb";"SI_D_ub";"SI_FP";"SI_FP_lb";"SI_FP_ub";"SI_FN";"SI_FN_lb";"SI_FN_ub"
0.0000000000000000e+00;-1.0000000000000000e+00;1.0000000000000000e+03;1.9000000000000000e+01;6.0000000000000000e+00;1.1000000000000000e+01;-1.0000000000000000e+00;7.9250000000000001e-02;9.7099999999999999e-03;1.4946000000000001e-01;8.5170999999999997e-01;8.2933000000000001e-01;8.7082999999999999e-01;-1.6760000000000001e-02;-9.0170000000000000e-02;5.6509999999999998e-02;-1.5370000000000000e-02;-8.7349999999999997e-02;5.6989999999999999e-02
1.0000000000000000e+00;2.5000000000000000e+01;5.0000000000000000e+04;1.9000000000000000e+01;6.0000000000000000e+00;1.1000000000000000e+01;9.0007179419543915e-01;6.2196037880091183e-02;5.2921899435002862e-02;7.1856615578703806e-02;9.2556264014029344e-01;9.2418647681258037e-01;9.2694009325342153e-01;-3.2627858039066078e-03;-1.2097616354889595e-02;6.5554522517541130e-03;-3.2835855162860863e-03;-1.2094735104876920e-02;6.5515633126232925e-03
1.0000000000000000e+00;5.0000000000000000e+01;5.0000000000000000e+04;1.9000000000000000e+01;6.0000000000000000e+00;1.1000000000000000e+01;9.0007179419543915e-01;1.0223361878786270e-01;9.2013595330636314e-02;1.1170974931884425e-01;8.8341977237270741e-01;8.8087629461343042e-01;8.8578409992686613e-01;-2.1810848917521528e-03;-1.1446427681537199e-02;7.2019928819560854e-03;3.4127025024026309e-03;-5.6794283631556837e-03;1.2961922419361229e-02
1.0000000000000000e+00;1.0000000000000000e+02;5.0000000000000000e+04;1.9000000000000000e+01;6.0000000000000000e+00;1.1000000000000000e+01;9.0007179419543915e-01;1.0663477205066932e-01;9.5305412138996057e-02;1.1742108978575264e-01;8.7646197569398099e-01;8.7401632071729285e-01;8.7895384840197310e-01;-2.7320543390427230e-03;-1.4218634901703543e-02;7.5852294076075473e-03;4.4309938187708465e-03;-7.2995316411650357e-03;1.4791623243321872e-02
