"meta";"N_LHS";"size";"kl_dimension";"N_KL_Young";"N_KL_Diam";"R2";"SI_E";"SI_E_lb";"SI_E_ub";"SI_D";"SI_D_lb";"SI_D_ub";"SI_FP";"SI_FP_lb";"SI_FP_ub";"SI_FN";"SI_FN_lb";"SI_FN_ub"
0.0000000000000000e+00;-1.0000000000000000e+00;1.0000000000000000e+03;2.0000000000000000e+01;1.2000000000000000e+01;6.0000000000000000e+00;-1.0000000000000000e+00;4.1648000000000002e-01;3.5629000000000000e-01;4.7371999999999997e-01;4.5955000000000001e-01;4.0495999999999999e-01;5.0875000000000004e-01;-3.8230000000000000e-02;-1.0964000000000000e-01;2.2560000000000000e-02;7.8499999999999993e-03;-6.9400000000000003e-02;7.6710000000000000e-02
1.0000000000000000e+00;2.5000000000000000e+01;5.0000000000000000e+04;2.0000000000000000e+01;1.2000000000000000e+01;6.0000000000000000e+00;8.1453163781554938e-01;5.1085367973755325e-01;5.0299252146649442e-01;5.1780678031318694e-01;4.3888005793522278e-01;4.3048955642449721e-01;4.4669336046051661e-01;-4.1489427218535900e-03;-1.3963394836247891e-02;4.2775015312664887e-03;1.7309472284155476e-02;7.8442469623701237e-03;2.5586987939089340e-02
1.0000000000000000e+00;5.0000000000000000e+01;5.0000000000000000e+04;2.0000000000000000e+01;1.2000000000000000e+01;6.0000000000000000e+00;8.1453163781554938e-01;5.1969126423846579e-01;5.1336948860410681e-01;5.2711962427872905e-01;4.4283475269900607e-01;4.3632559984458547e-01;4.4990523565346097e-01;-5.0593656573440105e-03;-1.3666109003812290e-02;4.6476517621555783e-03;2.0041230260964209e-02;1.1310159038022230e-02;2.9762948526164779e-02
1.0000000000000000e+00;1.0000000000000000e+02;5.0000000000000000e+04;2.0000000000000000e+01;1.2000000000000000e+01;6.0000000000000000e+00;8.1453163781554938e-01;5.1590201361596022e-01;5.0822714405551850e-01;5.2432326497642301e-01;4.3926936493401469e-01;4.3107487214877893e-01;4.4779186935292908e-01;-5.2893452738130946e-03;-1.5189732008824340e-02;6.5112870379881111e-03;3.0771802354927786e-02;2.1561736402661173e-02;4.2178397785606649e-02
