"meta";"N_LHS";"size";"kl_dimension";"N_KL_Young";"N_KL_Diam";"R2";"SI_E";"SI_E_lb";"SI_E_ub";"SI_D";"SI_D_lb";"SI_D_ub";"SI_FP";"SI_FP_lb";"SI_FP_ub";"SI_FN";"SI_FN_lb";"SI_FN_ub"
0.0000000000000000e+00;-1.0000000000000000e+00;1.0000000000000000e+03;1.0000000000000000e+01;4.0000000000000000e+00;4.0000000000000000e+00;-1.0000000000000000e+00;1.6714000000000001e-01;9.7210000000000005e-02;2.4231000000000000e-01;7.0918999999999999e-01;6.6615999999999997e-01;7.4426000000000003e-01;4.2199999999999998e-03;-6.3200000000000006e-02;6.2359999999999999e-02;1.1731999999999999e-01;5.1159999999999997e-02;1.7338999999999999e-01
1.0000000000000000e+00;2.5000000000000000e+01;5.0000000000000000e+04;1.0000000000000000e+01;4.0000000000000000e+00;4.0000000000000000e+00;9.6402907923588621e-01;1.5122192200183068e-01;1.4282503692483667e-01;1.6281022684579344e-01;7.1945470112921894e-01;7.1491105640980679e-01;7.2396803494503847e-01;-7.7338415367341502e-03;-1.8687175769936018e-02;2.9088273684154957e-03;1.0348058721158669e-01;9.2084672101145876e-02;1.1411108714813357e-01
1.0000000000000000e+00;5.0000000000000000e+01;5.0000000000000000e+04;1.0000000000000000e+01;4.0000000000000000e+00;4.0000000000000000e+00;9.6402907923588621e-01;1.6308014598325996e-01;1.5319088579981577e-01;1.7356012165190129e-01;6.9109891458006267e-01;6.8555975209238285e-01;6.9641767225402562e-01;-7.2206715254275805e-03;-1.9359937324601346e-02;4.5800635179937569e-03;1.1988178699059850e-01;1.0792717094438277e-01;1.3104773544484108e-01
1.0000000000000000e+00;1.0000000000000000e+02;5.0000000000000000e+04;1.0000000000000000e+01;4.0000000000000000e+00;4.0000000000000000e+00;9.6402907923588621e-01;1.5303100499820183e-01;1.4221918462811561e-01;1.6314863956561579e-01;7.2025413142561368e-01;7.1525491853191658e-01;7.2515358275468011e-01;-7.9422117631051670e-03;-1.8289044934939699e-02;6.7776396387088074e-04;1.0422139142235266e-01;9.4507178650126145e-02;1.1285038530603642e-01
