"meta";"N_LHS";"size";"kl_dimension";"N_KL_Young";"N_KL_Diam";"R2";"SI_E";"SI_E_lb";"SI_E_ub";"SI_D";"SI_D_lb";"SI_D_ub";"SI_FP";"SI_FP_lb";"SI_FP_ub";"SI_FN";"SI_FN_lb";"SI_FN_ub"
0.0000000000000000e+00;-1.0000000000000000e+00;1.0000000000000000e+03;1.4200000000000000e+02;6.6000000000000000e+01;7.4000000000000000e+01;-1.0000000000000000e+00;4.7480000000000001e-02;-2.9059999999999999e-02;1.1217000000000001e-01;8.1530999999999998e-01;7.8971999999999998e-01;8.4050999999999998e-01;5.4109999999999998e-02;-2.3529999999999999e-02;1.1769000000000000e-01;2.4690999999999999e-01;1.7202999999999999e-01;3.1451000000000001e-01
1.0000000000000000e+00;2.5000000000000000e+01;5.0000000000000000e+04;1.4200000000000000e+02;6.6000000000000000e+01;7.4000000000000000e+01;-3.4122069614284101e-09;-8.2133994435839788e-07;-1.2494617911299786e-04;9.7032435335605972e-05;9.4903195236327301e-02;2.0562201573747548e-03;4.5640863437550089e-01;1.8163862910004951e-06;-3.0646388170183165e-04;1.6023591385193361e-04;1.9085573027345115e-06;-3.0774681195455065e-04;1.6040739821294582e-04
1.0000000000000000e+00;5.0000000000000000e+01;5.0000000000000000e+04;1.4200000000000000e+02;6.6000000000000000e+01;7.4000000000000000e+01;-3.4122069614284101e-09;-3.7678770742986291e-03;-1.4127744350142465e-02;6.1104916540306135e-03;8.8815535182588712e-01;8.8602284735212811e-01;8.9004237874863612e-01;-4.4439804519254885e-03;-1.4905390108635232e-02;5.3995615022323197e-03;8.5706440321496671e-02;7.5864184250674926e-02;9.5652650444678411e-02
1.0000000000000000e+00;1.0000000000000000e+02;5.0000000000000000e+04;1.4200000000000000e+02;6.6000000000000000e+01;7.4000000000000000e+01;-3.4122069614284101e-09;-1.5454885103912954e-03;-1.0574615568878190e-02;5.7693899577194591e-03;8.1770192056417790e-01;8.1448414586648610e-01;8.2050821149308895e-01;-2.5551342177301834e-03;-1.1588249242955886e-02;4.6471815408174960e-03;1.6299906415169482e-01;1.5389631537831977e-01;1.7049025237673884e-01
