"meta";"N_LHS";"size";"kl_dimension";"N_KL_Young";"N_KL_Diam";"R2";"SI_E";"SI_E_lb";"SI_E_ub";"SI_D";"SI_D_lb";"SI_D_ub";"SI_FP";"SI_FP_lb";"SI_FP_ub";"SI_FN";"SI_FN_lb";"SI_FN_ub"
0.0000000000000000e+00;-1.0000000000000000e+00;1.0000000000000000e+03;2.0000000000000000e+01;4.0000000000000000e+00;1.4000000000000000e+01;-1.0000000000000000e+00;4.0099999999999997e-02;-2.5930000000000002e-02;9.9699999999999997e-02;9.5182000000000000e-01;9.4249000000000005e-01;9.5918999999999999e-01;-5.5799999999999999e-03;-7.0580000000000004e-02;5.3659999999999999e-02;-4.4700000000000000e-03;-6.9320000000000007e-02;5.5550000000000002e-02
1.0000000000000000e+00;2.5000000000000000e+01;5.0000000000000000e+04;2.0000000000000000e+01;4.0000000000000000e+00;1.4000000000000000e+01;8.4439548089083016e-01;3.5484367327469131e-02;2.5557345375113776e-02;4.6392079225488193e-02;9.5157448847604820e-01;9.5074636318881145e-01;9.5247493102271175e-01;-6.0251656876586148e-03;-1.6918442571847353e-02;4.2056216921203217e-03;-6.1322939706996531e-03;-1.6978841962572010e-02;4.1514853348027861e-03
1.0000000000000000e+00;5.0000000000000000e+01;5.0000000000000000e+04;2.0000000000000000e+01;4.0000000000000000e+00;1.4000000000000000e+01;8.4439548089083016e-01;2.9853173903001406e-02;2.0096959154035050e-02;4.0689615087229493e-02;9.5832683893749038e-01;9.5758179163177204e-01;9.5930226653858641e-01;-8.3737350850270984e-03;-1.8349723340065988e-02;2.2365208603296327e-03;-8.5834022221772041e-03;-1.8522823159062514e-02;2.1039148367584209e-03
1.0000000000000000e+00;1.0000000000000000e+02;5.0000000000000000e+04;2.0000000000000000e+01;4.0000000000000000e+00;1.4000000000000000e+01;8.4439548089083016e-01;4.5762901839670488e-02;3.5238257836891745e-02;5.6025127195586000e-02;9.4063209780446377e-01;9.3914731377193461e-01;9.4196831938261050e-01;-7.9237636076655432e-03;-1.8104760502617518e-02;1.4647381136373280e-03;-8.1644555658933280e-03;-1.8284401140523886e-02;1.1923724486752182e-03
