"meta";"N_LHS";"size";"kl_dimension";"N_KL_Young";"N_KL_Diam";"R2";"SI_E";"SI_E_lb";"SI_E_ub";"SI_D";"SI_D_lb";"SI_D_ub";"SI_FP";"SI_FP_lb";"SI_FP_ub";"SI_FN";"SI_FN_lb";"SI_FN_ub"
0.0000000000000000e+00;-1.0000000000000000e+00;1.0000000000000000e+03;1.0000000000000000e+01;4.0000000000000000e+00;4.0000000000000000e+00;-1.0000000000000000e+00;6.3320000000000001e-02;-6.0000000000000002e-05;1.3389000000000001e-01;8.5019000000000000e-01;8.2642000000000004e-01;8.7043999999999999e-01;1.2630000000000001e-02;-4.9529999999999998e-02;7.1260000000000004e-02;7.7479999999999993e-02;1.6330000000000001e-02;1.3849000000000000e-01
1.0000000000000000e+00;2.5000000000000000e+01;5.0000000000000000e+04;1.0000000000000000e+01;4.0000000000000000e+00;4.0000000000000000e+00;9.5517803095469145e-01;4.0186820697120228e-02;3.0820791175827044e-02;5.2147028309808892e-02;8.7114877256954248e-01;8.6897338217627806e-01;8.7333265696632845e-01;-8.2553918733298121e-03;-1.8962839111615882e-02;2.9775567576204092e-03;6.1565408832330436e-02;5.0306579130670381e-02;7.2988783800266036e-02
1.0000000000000000e+00;5.0000000000000000e+01;5.0000000000000000e+04;1.0000000000000000e+01;4.0000000000000000e+00;4.0000000000000000e+00;9.5517803095469145e-01;4.6908323692732651e-02;3.6379762908704885e-02;5.8580973000216661e-02;8.6530450172172058e-01;8.6276994987448763e-01;8.6789611997449057e-01;-8.7020508634677932e-03;-2.0181681873367469e-02;3.4372812455401428e-03;6.5065166450894385e-02;5.3857910480104243e-02;7.6281670518012865e-02
1.0000000000000000e+00;1.0000000000000000e+02;5.0000000000000000e+04;1.0000000000000000e+01;4.0000000000000000e+00;4.0000000000000000e+00;9.5517803095469145e-01;4.8516434726788876e-02;3.7800268130730542e-02;5.8767115923290057e-02;8.5748152101330788e-01;8.5482768795842501e-01;8.6019676554821989e-01;-6.1529082678004783e-03;-1.6328462890310043e-02;2.9855764669244798e-03;6.8609105268081144e-02;5.8430703825705213e-02;7.7693645332911204e-02
