"meta";"N_LHS";"size";"kl_dimension";"N_KL_Young";"N_KL_Diam";"R2";"SI_E";"SI_E_lb";"SI_E_ub";"SI_D";"SI_D_lb";"SI_D_ub";"SI_FP";"SI_FP_lb";"SI_FP_ub";"SI_FN";"SI_FN_lb";"SI_FN_ub"
0.0000000000000000e+00;-1.0000000000000000e+00;1.0000000000000000e+03;1.6000000000000000e+01;7.0000000000000000e+00;7.0000000000000000e+00;-1.0000000000000000e+00;5.4239999999999997e-02;-1.8610000000000002e-02;1.3494000000000000e-01;9.1603000000000001e-01;9.0127999999999997e-01;9.2806999999999995e-01;4.6480000000000000e-02;-2.6429999999999999e-02;1.2947000000000000e-01;1.2414000000000000e-01;4.9160000000000002e-02;2.1529999999999999e-01
1.0000000000000000e+00;2.5000000000000000e+01;5.0000000000000000e+04;1.6000000000000000e+01;7.0000000000000000e+00;7.0000000000000000e+00;8.5238921565121373e-01;1.2438180615046307e-02;1.7810259723976141e-03;2.4474433287574281e-02;8.9668910669011836e-01;8.9490657887524205e-01;8.9862056029171333e-01;1.0255245028034593e-02;-2.5325556704294092e-05;2.1649847978841293e-02;8.3164540958854033e-02;7.3961382805284442e-02;9.4268813924440004e-02
1.0000000000000000e+00;5.0000000000000000e+01;5.0000000000000000e+04;1.6000000000000000e+01;7.0000000000000000e+00;7.0000000000000000e+00;8.5238921565121373e-01;1.2707627082245650e-02;2.8280836347296576e-03;2.3756429546855088e-02;9.3030344461316983e-01;9.2881716759230748e-01;9.3165960161001704e-01;6.5862810519912319e-03;-3.2747044021063363e-03;1.7722752439423856e-02;6.2229165300568649e-02;5.2472609320441184e-02;7.3022837649479408e-02
1.0000000000000000e+00;1.0000000000000000e+02;5.0000000000000000e+04;1.6000000000000000e+01;7.0000000000000000e+00;7.0000000000000000e+00;8.5238921565121373e-01;1.4612649114811424e-02;4.9037544463456702e-03;2.4395606933067544e-02;9.2413813375645526e-01;9.2264385597544363e-01;9.2581735641557950e-01;6.3646057660351387e-03;-3.1527357334466088e-03;1.6033005909924770e-02;6.7599996299827492e-02;5.8228290081095695e-02;7.7803246900943687e-02
