"meta";"N_LHS";"size";"kl_dimension";"N_KL_Young";"N_KL_Diam";"R2";"SI_E";"SI_E_lb";"SI_E_ub";"SI_D";"SI_D_lb";"SI_D_ub";"SI_FP";"SI_FP_lb";"SI_FP_ub";"SI_FN";"SI_FN_lb";"SI_FN_ub"
0.0000000000000000e+00;-1.0000000000000000e+00;1.0000000000000000e+03;1.2000000000000000e+01;5.0000000000000000e+00;5.0000000000000000e+00;-1.0000000000000000e+00;7.1382999999999996e-01;6.7820000000000003e-01;7.4709999999999999e-01;-4.7800000000000004e-03;-7.1470000000000006e-02;5.5190000000000003e-02;-3.5799999999999998e-02;-1.0414000000000000e-01;2.5909999999999999e-02;1.8784999999999999e-01;1.2130000000000001e-01;2.5473000000000001e-01
1.0000000000000000e+00;2.5000000000000000e+01;5.0000000000000000e+04;1.2000000000000000e+01;5.0000000000000000e+00;5.0000000000000000e+00;9.3661412240524733e-01;7.4972248369683492e-01;7.4562559241837945e-01;7.5468620942567288e-01;4.8659627830470426e-02;3.7778705643528851e-02;5.8825698242226797e-02;2.1569203689288601e-04;-1.0144933407120029e-02;9.7342473391289382e-03;1.8597589948820611e-01;1.7628680586486895e-01;1.9370904268746170e-01
1.0000000000000000e+00;5.0000000000000000e+01;5.0000000000000000e+04;1.2000000000000000e+01;5.0000000000000000e+00;5.0000000000000000e+00;9.3661412240524733e-01;7.5573696814710445e-01;7.5084468364205748e-01;7.5961357354897807e-01;3.0676613560293685e-02;1.9728297091953485e-02;4.0485100118596642e-02;3.8016261479246663e-04;-1.0796199305599335e-02;1.0374006894881061e-02;2.0698791808525918e-01;1.9675488161018487e-01;2.1580196148977471e-01
1.0000000000000000e+00;1.0000000000000000e+02;5.0000000000000000e+04;1.2000000000000000e+01;5.0000000000000000e+00;5.0000000000000000e+00;9.3661412240524733e-01;7.6544187112253181e-01;7.6183992411984569e-01;7.6928608506330165e-01;2.9393966275144394e-02;1.9640502937683980e-02;4.0497832968829410e-02;1.7545458130580911e-03;-7.8602301528847892e-03;1.3009798394822690e-02;1.9572542317774677e-01;1.8638555493669889e-01;2.0572165502523759e-01
