"meta";"N_LHS";"size";"kl_dimension";"N_KL_Young";"N_KL_Diam";"R2";"SI_E";"SI_E_lb";"SI_E_ub";"SI_D";"SI_D_lb";"SI_D_ub";"SI_FP";"SI_FP_lb";"SI_FP_ub";"SI_FN";"SI_FN_lb";"SI_FN_ub"
0.0000000000000000e+00;-1.0000000000000000e+00;1.0000000000000000e+03;3.5000000000000000e+01;1.1000000000000000e+01;2.2000000000000000e+01;-1.0000000000000000e+00;-7.3999999999999999e-04;-6.8180000000000004e-02;6.1699999999999998e-02;9.3271000000000004e-01;9.2156000000000005e-01;9.4094999999999995e-01;-3.5909999999999997e-02;-1.0700000000000000e-01;2.7250000000000000e-02;-1.9340000000000000e-02;-9.1289999999999996e-02;4.5480000000000000e-02
1.0000000000000000e+00;2.5000000000000000e+01;5.0000000000000000e+04;3.5000000000000000e+01;1.1000000000000000e+01;2.2000000000000000e+01;8.4583494123760916e-01;1.3477963903968344e-02;3.7928731605545280e-03;2.5323802149591422e-02;9.8079281660020334e-01;9.8041729669947519e-01;9.8117052263621285e-01;9.6626116581280993e-04;-7.9471997612640261e-03;1.2346586730314189e-02;2.9028267512232809e-03;-5.9479662621351043e-03;1.4335149788963287e-02
1.0000000000000000e+00;5.0000000000000000e+01;5.0000000000000000e+04;3.5000000000000000e+01;1.1000000000000000e+01;2.2000000000000000e+01;8.4583494123760916e-01;3.1048334767811919e-02;2.0796275884245870e-02;4.1692364494925159e-02;9.6153951145587002e-01;9.6070786885203430e-01;9.6225132462176710e-01;1.7997736352904433e-03;-8.9944716298671311e-03;1.1986779561122462e-02;5.8842357922491931e-03;-4.7559152241078836e-03;1.5999441516789649e-02
1.0000000000000000e+00;1.0000000000000000e+02;5.0000000000000000e+04;3.5000000000000000e+01;1.1000000000000000e+01;2.2000000000000000e+01;8.4583494123760916e-01;4.9967238261248832e-02;3.9645544642963257e-02;6.0653473004786136e-02;9.4071974942613479e-01;9.3953545624379275e-01;9.4192476155097971e-01;2.2964315795726419e-03;-7.4769255684756083e-03;1.2342846277318758e-02;9.7558326882050839e-03;2.5802471915533843e-05;1.9672424845626833e-02
