"meta";"N_LHS";"size";"kl_dimension";"N_KL_Young";"N_KL_Diam";"R2";"SI_E";"SI_E_lb";"SI_E_ub";"SI_D";"SI_D_lb";"SI_D_ub";"SI_FP";"SI_FP_lb";"SI_FP_ub";"SI_FN";"SI_FN_lb";"SI_FN_ub"
0.0000000000000000e+00;-1.0000000000000000e+00;1.0000000000000000e+03;1.3100000000000000e+02;5.8000000000000000e+01;7.1000000000000000e+01;-1.0000000000000000e+00;5.3899999999999998e-03;-6.8239999999999995e-02;8.7090000000000001e-02;9.1093999999999997e-01;8.9268999999999998e-01;9.2832000000000003e-01;-2.2339999999999999e-02;-9.6890000000000004e-02;6.1870000000000001e-02;1.6830000000000001e-02;-5.5300000000000002e-02;1.0210000000000000e-01
1.0000000000000000e+00;2.5000000000000000e+01;5.0000000000000000e+04;1.3100000000000000e+02;5.8000000000000000e+01;7.1000000000000000e+01;4.8783985460438917e-01;9.1297112202884216e-03;-7.7388070473707784e-04;1.9551735308239435e-02;9.9364933474648942e-01;9.9354937234289620e-01;9.9376605273872975e-01;7.4956145697680845e-03;-2.3123816848190904e-03;1.7623626800606938e-02;7.4457611111159189e-03;-2.3641811907924490e-03;1.7584561783991509e-02
1.0000000000000000e+00;5.0000000000000000e+01;5.0000000000000000e+04;1.3100000000000000e+02;5.8000000000000000e+01;7.1000000000000000e+01;4.8783985460438917e-01;1.7217642379027578e-02;7.4542516332064355e-03;2.7953684771038816e-02;9.8192262376857875e-01;9.8160749127215041e-01;9.8224065518866555e-01;6.0914968234040160e-03;-3.8805685620430636e-03;1.6831112203709267e-02;6.5193669995917509e-03;-3.3468933986851696e-03;1.7159922196695841e-02
1.0000000000000000e+00;1.0000000000000000e+02;5.0000000000000000e+04;1.3100000000000000e+02;5.8000000000000000e+01;7.1000000000000000e+01;4.8783985460438917e-01;2.7875066588066922e-02;1.8483987995385184e-02;3.7811099369322747e-02;9.5456759127664093e-01;9.5371103812555347e-01;9.5546535663519483e-01;4.5521074117366792e-03;-5.2116218069127645e-03;1.4318701665372377e-02;2.0209020115448183e-02;1.0239782315029731e-02;3.0001671868168149e-02
