"meta";"N_LHS";"size";"kl_dimension";"N_KL_Young";"N_KL_Diam";"R2";"SI_E";"SI_E_lb";"SI_E_ub";"SI_D";"SI_D_lb";"SI_D_ub";"SI_FP";"SI_FP_lb";"SI_FP_ub";"SI_FN";"SI_FN_lb";"SI_FN_ub"
0.0000000000000000e+00;-1.0000000000000000e+00;1.0000000000000000e+03;8.7000000000000000e+01;5.5000000000000000e+01;3.0000000000000000e+01;-1.0000000000000000e+00;1.2520000000000000e-02;-5.5910000000000001e-02;7.6569999999999999e-02;6.9716999999999996e-01;6.4866999999999997e-01;7.3372000000000004e-01;-3.2599999999999999e-03;-7.2179999999999994e-02;6.2570000000000001e-02;2.6626000000000000e-01;1.9295000000000001e-01;3.3645999999999998e-01
1.0000000000000000e+00;2.5000000000000000e+01;5.0000000000000000e+04;8.7000000000000000e+01;5.5000000000000000e+01;3.0000000000000000e+01;7.2566743849268034e-01;1.3098815003468165e-02;2.2685910940325070e-03;2.2700857840683954e-02;7.3103666075447549e-01;7.2660694272045467e-01;7.3573358402953626e-01;8.4843523107730051e-03;-1.8239237744310840e-03;1.8217029388232893e-02;2.3936784717186421e-01;2.2969436331109847e-01;2.4729940305052586e-01
1.0000000000000000e+00;5.0000000000000000e+01;5.0000000000000000e+04;8.7000000000000000e+01;5.5000000000000000e+01;3.0000000000000000e+01;7.2566743849268034e-01;1.5809601601446843e-02;3.5986319619832853e-03;2.6123183777022888e-02;6.9154656772464707e-01;6.8589348047636123e-01;6.9620722071945307e-01;8.4784707423026674e-03;-3.6013128688778253e-03;1.8779926180170659e-02;2.8200671622216178e-01;2.7213317001846193e-01;2.9244117880956982e-01
1.0000000000000000e+00;1.0000000000000000e+02;5.0000000000000000e+04;8.7000000000000000e+01;5.5000000000000000e+01;3.0000000000000000e+01;7.2566743849268034e-01;2.6272378965314896e-02;1.7755268286411986e-02;3.6617072799546020e-02;7.1367799641475049e-01;7.0965231401058981e-01;7.1844697896566057e-01;6.0904223306442523e-03;-2.5073222921119234e-03;1.6355944524965926e-02;2.5308710090729075e-01;2.4631535075985356e-01;2.6170915804698813e-01
