"meta";"N_LHS";"size";"kl_dimension";"N_KL_Young";"N_KL_Diam";"R2";"SI_E";"SI_E_lb";"SI_E_ub";"SI_D";"SI_D_lb";"SI_D_ub";"SI_FP";"SI_FP_lb";"SI_FP_ub";"SI_FN";"SI_FN_lb";"SI_FN_ub"
0.0000000000000000e+00;-1.0000000000000000e+00;1.0000000000000000e+03;1.3000000000000000e+01;5.0000000000000000e+00;6.0000000000000000e+00;-1.0000000000000000e+00;-2.0060000000000001e-02;-9.2369999999999994e-02;5.7579999999999999e-02;9.9048000000000003e-01;9.8867000000000005e-01;9.9214000000000002e-01;-1.9730000000000001e-02;-9.2979999999999993e-02;5.9290000000000002e-02;-2.2320000000000000e-02;-9.5009999999999997e-02;5.7790000000000001e-02
1.0000000000000000e+00;2.5000000000000000e+01;5.0000000000000000e+04;1.3000000000000000e+01;5.0000000000000000e+00;6.0000000000000000e+00;8.6879641857849610e-01;3.6368957448355997e-03;-7.3972100352509042e-03;1.6485392514732824e-02;9.8774340459302645e-01;9.8754423520486223e-01;9.8796861089502075e-01;3.0919777990722720e-03;-7.6691718317777888e-03;1.5504393637386085e-02;6.6872226727437457e-03;-4.0558668587210665e-03;1.9154460294140981e-02
1.0000000000000000e+00;5.0000000000000000e+01;5.0000000000000000e+04;1.3000000000000000e+01;5.0000000000000000e+00;6.0000000000000000e+00;8.6879641857849610e-01;3.2337029636635996e-03;-9.1895683480799576e-03;1.3242045069580512e-02;9.9295514838876453e-01;9.9279924914135742e-01;9.9311413281014149e-01;1.9994939280911631e-03;-1.0441491008418076e-02;1.1807907749861117e-02;5.3504742520122817e-03;-7.1812991641937197e-03;1.5417044022451238e-02
1.0000000000000000e+00;1.0000000000000000e+02;5.0000000000000000e+04;1.3000000000000000e+01;5.0000000000000000e+00;6.0000000000000000e+00;8.6879641857849610e-01;3.6611176576065844e-03;-7.4468052275943339e-03;1.4270451804809819e-02;9.9226500227500003e-01;9.9208204925635446e-01;9.9246474250456040e-01;2.4949200288897841e-03;-8.3954771139041397e-03;1.2847873836830519e-02;6.7436370148914598e-03;-4.2168872894196409e-03;1.7115227801502115e-02
