"meta";"N_LHS";"size";"kl_dimension";"N_KL_Young";"N_KL_Diam";"R2";"SI_E";"SI_E_lb";"SI_E_ub";"SI_D";"SI_D_lb";"SI_D_ub";"SI_FP";"SI_FP_lb";"SI_FP_ub";"SI_FN";"SI_FN_lb";"SI_FN_ub"
0.0000000000000000e+00;-1.0000000000000000e+00;1.0000000000000000e+03;1.4000000000000000e+01;7.0000000000000000e+00;5.0000000000000000e+00;-1.0000000000000000e+00;4.6769999999999999e-02;-2.0520000000000000e-02;1.3084000000000001e-01;9.3667000000000000e-01;9.2513999999999996e-01;9.4747000000000003e-01;3.2539999999999999e-02;-3.3869999999999997e-02;1.1318000000000000e-01;8.5150000000000003e-02;1.1950000000000001e-02;1.7122999999999999e-01
1.0000000000000000e+00;2.5000000000000000e+01;5.0000000000000000e+04;1.4000000000000000e+01;7.0000000000000000e+00;5.0000000000000000e+00;8.1134296683527096e-01;1.2271232301134428e-02;2.0572456226718647e-03;2.3340968734152947e-02;9.5590989634688206e-01;9.5514465148309635e-01;9.5677026001007559e-01;4.2469880836286519e-03;-5.5325876062222636e-03;1.5265275399872645e-02;3.4278558547106992e-02;2.4760046406478178e-02;4.5002694218284518e-02
1.0000000000000000e+00;5.0000000000000000e+01;5.0000000000000000e+04;1.4000000000000000e+01;7.0000000000000000e+00;5.0000000000000000e+00;8.1134296683527096e-01;1.2933151483066075e-02;2.5633921979963874e-03;2.4521503053589438e-02;9.5163257516083621e-01;9.5032167788516730e-01;9.5275360787998387e-01;3.6187575391992918e-03;-6.2930858657297044e-03;1.5106630503667775e-02;3.5556933380344706e-02;2.5753001234825611e-02;4.6638463757321343e-02
1.0000000000000000e+00;1.0000000000000000e+02;5.0000000000000000e+04;1.4000000000000000e+01;7.0000000000000000e+00;5.0000000000000000e+00;8.1134296683527096e-01;1.6630149982146777e-02;7.6781644683698866e-03;2.6100582909673729e-02;9.3649090445904137e-01;9.3471614707880213e-01;9.3810600884468176e-01;4.1791777162435238e-03;-4.4918298116221672e-03;1.3534153542218473e-02;4.4122177357358773e-02;3.5722291239900748e-02;5.3238721364655232e-02
