"meta";"N_LHS";"size";"kl_dimension";"N_KL_Young";"N_KL_Diam";"R2";"SI_E";"SI_E_lb";"SI_E_ub";"SI_D";"SI_D_lb";"SI_D_ub";"SI_FP";"SI_FP_lb";"SI_FP_ub";"SI_FN";"SI_FN_lb";"SI_FN_ub"
0.0000000000000000e+00;-1.0000000000000000e+00;1.0000000000000000e+03;1.3000000000000000e+01;6.0000000000000000e+00;5.0000000000000000e+00;-1.0000000000000000e+00;1.6625999999999999e-01;1.0302000000000000e-01;2.3551000000000000e-01;3.0179000000000000e-01;2.4240999999999999e-01;3.6058000000000001e-01;-8.1780000000000005e-02;-1.4982000000000001e-01;-1.7340000000000001e-02;3.5748999999999997e-01;2.9959000000000002e-01;4.1014000000000000e-01
1.0000000000000000e+00;2.5000000000000000e+01;5.0000000000000000e+04;1.3000000000000000e+01;6.0000000000000000e+00;5.0000000000000000e+00;9.3559054725985025e-01;2.0017805480397408e-01;1.9137650764024131e-01;2.0783832259388338e-01;4.5705449782519897e-01;4.4879330184354665e-01;4.6385429425991220e-01;-1.4470075188894078e-04;-1.0057557934081545e-02;7.4385907534932818e-03;3.2398137004140870e-01;3.1529333093624262e-01;3.3271438636870798e-01
1.0000000000000000e+00;5.0000000000000000e+01;5.0000000000000000e+04;1.3000000000000000e+01;6.0000000000000000e+00;5.0000000000000000e+00;9.3559054725985025e-01;2.4936118862300230e-01;2.4119708903839698e-01;2.5785381857248035e-01;3.7031142426241997e-01;3.6218500531987435e-01;3.7813284467055663e-01;1.6592778710326181e-04;-8.7441667856162676e-03;1.0316753623712403e-02;3.6618405504831847e-01;3.5805729270952985e-01;3.7501574148350075e-01
1.0000000000000000e+00;1.0000000000000000e+02;5.0000000000000000e+04;1.3000000000000000e+01;6.0000000000000000e+00;5.0000000000000000e+00;9.3559054725985025e-01;2.5049386639089799e-01;2.4138443294910639e-01;2.5958082538674471e-01;3.8987376192742268e-01;3.8081316819068928e-01;3.9871931528879118e-01;-2.0868749787631108e-04;-1.0692177006981928e-02;1.0127354111486457e-02;3.4867925452141313e-01;3.4054635225060187e-01;3.5743869282884422e-01
