"meta";"N_LHS";"size";"kl_dimension";"N_KL_Young";"N_KL_Diam";"R2";"SI_E";"SI_E_lb";"SI_E_ub";"SI_D";"SI_D_lb";"SI_D_ub";"SI_FP";"SI_FP_lb";"SI_FP_ub";"SI_FN";"SI_FN_lb";"SI_FN_ub"
0.0000000000000000e+00;-1.0000000000000000e+00;1.0000000000000000e+03;5.9000000000000000e+01;3.3000000000000000e+01;2.4000000000000000e+01;-1.0000000000000000e+00;1.9279999999999999e-02;-3.5610000000000003e-02;8.3479999999999999e-02;9.9307000000000001e-01;9.9194000000000004e-01;9.9436000000000002e-01;1.0140000000000000e-02;-4.4269999999999997e-02;7.4810000000000001e-02;1.0319999999999999e-02;-4.3430000000000003e-02;7.4639999999999998e-02
1.0000000000000000e+00;2.5000000000000000e+01;5.0000000000000000e+04;5.9000000000000000e+01;3.3000000000000000e+01;2.4000000000000000e+01;7.8190494417943346e-01;3.3234612614443707e-03;-6.5228439944251338e-03;1.3931171924506356e-02;9.9320278567805764e-01;9.9308584641246522e-01;9.9332609783442372e-01;1.3382435768633579e-03;-8.4560464178648556e-03;1.2058426906016028e-02;1.3299298804031871e-03;-8.4713580788902537e-03;1.2040806968309390e-02
1.0000000000000000e+00;5.0000000000000000e+01;5.0000000000000000e+04;5.9000000000000000e+01;3.3000000000000000e+01;2.4000000000000000e+01;7.8190494417943346e-01;3.6450961548155584e-03;-5.7730525067657057e-03;1.4302446836640928e-02;9.9536262421919353e-01;9.9529578565889343e-01;9.9544305025787283e-01;2.4069258024516822e-03;-7.1470351021683835e-03;1.2968212245062201e-02;2.5361239451836153e-03;-7.0981331929768432e-03;1.3072231432037652e-02
1.0000000000000000e+00;1.0000000000000000e+02;5.0000000000000000e+04;5.9000000000000000e+01;3.3000000000000000e+01;2.4000000000000000e+01;7.8190494417943346e-01;4.5989585174275888e-03;-5.3973984981560419e-03;1.4960698574176564e-02;9.9504819625849861e-01;9.9496684207845054e-01;9.9513436932117860e-01;2.1021059265039074e-03;-8.2298722201008413e-03;1.2602872861032108e-02;2.1629331150427758e-03;-8.2227574784209737e-03;1.2715777343927761e-02
