"meta";"N_LHS";"size";"kl_dimension";"N_KL_Young";"N_KL_Diam";"R2";"SI_E";"SI_E_lb";"SI_E_ub";"SI_D";"SI_D_lb";"SI_D_ub";"SI_FP";"SI_FP_lb";"SI_FP_ub";"SI_FN";"SI_FN_lb";"SI_FN_ub"
0.0000000000000000e+00;-1.0000000000000000e+00;1.0000000000000000e+03;1.9200000000000000e+02;9.5000000000000000e+01;9.5000000000000000e+01;-1.0000000000000000e+00;-4.6800000000000001e-03;-7.7969999999999998e-02;6.4479999999999996e-02;8.2516999999999996e-01;7.9793000000000003e-01;8.5185999999999995e-01;-2.7230000000000001e-02;-9.8110000000000003e-02;3.7269999999999998e-02;1.0242000000000000e-01;3.3739999999999999e-02;1.6092999999999999e-01
1.0000000000000000e+00;2.5000000000000000e+01;5.0000000000000000e+04;1.9200000000000000e+02;9.5000000000000000e+01;9.5000000000000000e+01;-5.5959313488940232e-04;-6.3223079399915747e-05;-2.9006755894211045e-04;9.9323960542282985e-05;1.7953395883547968e-01;9.1978620763765034e-02;3.5220600394423968e-01;-5.6541660004069280e-05;-3.2588153057130117e-04;6.4834233428833049e-05;-5.3748327669223624e-05;-3.2441331709521512e-04;6.5472503973640976e-05
1.0000000000000000e+00;5.0000000000000000e+01;5.0000000000000000e+04;1.9200000000000000e+02;9.5000000000000000e+01;9.5000000000000000e+01;-5.5959313488940232e-04;1.3226581372385424e-02;-2.1625997080912982e-02;8.9376126353727825e-02;3.0307319126568429e-03;-3.8440175245652236e-03;1.5488755411624299e-02;9.2559926969599062e-04;-1.4447318491100289e-03;6.0855016739574551e-03;9.2671885037225231e-04;-1.4480227047502993e-03;6.0648629491463013e-03
1.0000000000000000e+00;1.0000000000000000e+02;5.0000000000000000e+04;1.9200000000000000e+02;9.5000000000000000e+01;9.5000000000000000e+01;-5.5959313488940232e-04;4.5891568180885627e-03;-1.8761478978322164e-03;1.8292027373843365e-02;9.8336586909620258e-03;-1.7429010762821694e-03;2.6715329662814417e-02;-4.4586758249214747e-04;-9.3934722143521976e-04;3.2641327432239797e-05;-4.4902519802545311e-04;-9.4252069397598201e-04;3.1074815521215643e-05
