"meta";"N_LHS";"size";"kl_dimension";"N_KL_Young";"N_KL_Diam";"R2";"SI_E";"SI_E_lb";"SI_E_ub";"SI_D";"SI_D_lb";"SI_D_ub";"SI_FP";"SI_FP_lb";"SI_FP_ub";"SI_FN";"SI_FN_lb";"SI_FN_ub"
0.0000000000000000e+00;-1.0000000000000000e+00;1.0000000000000000e+03;1.8200000000000000e+02;9.1000000000000000e+01;8.9000000000000000e+01;-1.0000000000000000e+00;1.1383000000000000e-01;5.2370000000000000e-02;1.9252000000000000e-01;2.3599000000000001e-01;1.8229999999999999e-01;2.9914000000000002e-01;-1.7860000000000001e-02;-7.0349999999999996e-02;4.8219999999999999e-02;5.4137000000000002e-01;4.9585000000000001e-01;5.7916000000000001e-01
1.0000000000000000e+00;2.5000000000000000e+01;5.0000000000000000e+04;1.8200000000000000e+02;9.1000000000000000e+01;8.9000000000000000e+01;-4.2293005542148876e-08;2.1435897749000937e-02;-1.3240535698798623e-02;5.6352452329777536e-02;2.5443658881900765e-02;4.6187049207162953e-03;5.0868694460715264e-02;8.9706086481391029e-03;-8.7246074825906069e-03;3.5792114969132510e-02;7.2276449207571399e-03;-5.2883745735561472e-03;2.3111101002163528e-02
1.0000000000000000e+00;5.0000000000000000e+01;5.0000000000000000e+04;1.8200000000000000e+02;9.1000000000000000e+01;8.9000000000000000e+01;-4.2293005542148876e-08;1.2094414055203558e-01;9.4423018515802426e-02;1.5405628950965036e-01;8.1524106696196169e-02;5.4182002162578992e-02;1.0919348528475216e-01;8.3683411470103584e-03;-3.5166200256901248e-03;2.1515043024642570e-02;8.7532403646211430e-03;-3.4206536008705964e-03;2.1950776155679749e-02
1.0000000000000000e+00;1.0000000000000000e+02;5.0000000000000000e+04;1.8200000000000000e+02;9.1000000000000000e+01;8.9000000000000000e+01;-4.2293005542148876e-08;4.5104865215558043e-01;3.7329481867237113e-01;5.3846571244060526e-01;5.3024562750544413e-04;-1.3613691522639885e-02;1.6145609671605308e-02;-1.8531786934217298e-03;-1.2445621354559198e-02;8.0996933899481083e-03;-1.8854661341923830e-03;-1.2503638989175097e-02;8.0985747164060342e-03
