"meta";"N_LHS";"size";"kl_dimension";"N_KL_Young";"N_KL_Diam";"R2";"SI_E";"SI_E_lb";"SI_E_ub";"SI_D";"SI_D_lb";"SI_D_ub";"SI_FP";"SI_FP_lb";"SI_FP_ub";"SI_FN";"SI_FN_lb";"SI_FN_ub"
0.0000000000000000e+00;-1.0000000000000000e+00;1.0000000000000000e+03;1.3000000000000000e+01;5.0000000000000000e+00;6.0000000000000000e+00;-1.0000000000000000e+00;1.3813000000000000e-01;6.3240000000000005e-02;2.1429000000000001e-01;4.7205000000000003e-01;4.0658000000000000e-01;5.2424000000000004e-01;-3.5899999999999999e-03;-7.6369999999999993e-02;6.3619999999999996e-02;2.8631000000000001e-01;2.1839000000000000e-01;3.4528999999999999e-01
1.0000000000000000e+00;2.5000000000000000e+01;5.0000000000000000e+04;1.3000000000000000e+01;5.0000000000000000e+00;6.0000000000000000e+00;8.7415352797385937e-01;1.3895275958323128e-01;1.2879213992656002e-01;1.4920394839655243e-01;5.0735734332221849e-01;4.9993287381567270e-01;5.1437699904558620e-01;5.3520657989473185e-03;-5.7174948259238077e-03;1.6591400102109171e-02;3.4134309600252771e-01;3.3150088912862918e-01;3.5147061438288935e-01
1.0000000000000000e+00;5.0000000000000000e+01;5.0000000000000000e+04;1.3000000000000000e+01;5.0000000000000000e+00;6.0000000000000000e+00;8.7415352797385937e-01;1.8224341112458620e-01;1.7335163885645624e-01;1.9060443895385412e-01;4.7895178334473010e-01;4.7192179484904606e-01;4.8514910687692397e-01;8.7187734019075567e-03;-9.7248959067172875e-04;1.7412913583834934e-02;3.3101863636775147e-01;3.2146045198376005e-01;3.3941869714621398e-01
1.0000000000000000e+00;1.0000000000000000e+02;5.0000000000000000e+04;1.3000000000000000e+01;5.0000000000000000e+00;6.0000000000000000e+00;8.7415352797385937e-01;1.6925981071929402e-01;1.5947365188363249e-01;1.7996320523222040e-01;5.0381658232708060e-01;4.9695296756438168e-01;5.1127116458211475e-01;1.5294764246878123e-02;6.1212517124430476e-03;2.5277775254472626e-02;3.2073707859480344e-01;3.1169140136194579e-01;3.3072149507720577e-01
