"meta";"N_LHS";"size";"kl_dimension";"N_KL_Young";"N_KL_Diam";"R2";"SI_E";"SI_E_lb";"SI_E_ub";"SI_D";"SI_D_lb";"SI_D_ub";"SI_FP";"SI_FP_lb";"SI_FP_ub";"SI_FN";"SI_FN_lb";"SI_FN_ub"
0.0000000000000000e+00;-1.0000000000000000e+00;1.0000000000000000e+03;2.6000000000000000e+01;1.2000000000000000e+01;1.2000000000000000e+01;-1.0000000000000000e+00;-3.8230000000000000e-02;-1.0635000000000000e-01;3.2890000000000003e-02;9.2188000000000003e-01;9.0952999999999995e-01;9.3386000000000002e-01;-5.1450000000000003e-02;-1.2035000000000000e-01;1.8149999999999999e-02;-1.0090000000000000e-02;-8.0799999999999997e-02;5.6930000000000001e-02
1.0000000000000000e+00;2.5000000000000000e+01;5.0000000000000000e+04;2.6000000000000000e+01;1.2000000000000000e+01;1.2000000000000000e+01;8.6512153016759619e-01;1.1337716392172455e-02;9.3767839335408222e-04;2.0783768436388426e-02;9.3870675681279836e-01;9.3756828017906124e-01;9.3996484319173568e-01;-2.1921102003616020e-03;-1.2491018422177824e-02;7.3278198140555809e-03;3.1762536251346236e-02;2.1142411881675736e-02;4.1222693490147955e-02
1.0000000000000000e+00;5.0000000000000000e+01;5.0000000000000000e+04;2.6000000000000000e+01;1.2000000000000000e+01;1.2000000000000000e+01;8.6512153016759619e-01;1.9490868650199899e-02;1.0429887717816867e-02;2.9211793339282394e-02;9.2481222063959367e-01;9.2332925886461925e-01;9.2608267161593527e-01;-3.9888597164376618e-03;-1.2833056626187320e-02;5.5596668623411876e-03;3.8970933726337205e-02;3.0537196405301798e-02;4.8242298762660646e-02
1.0000000000000000e+00;1.0000000000000000e+02;5.0000000000000000e+04;2.6000000000000000e+01;1.2000000000000000e+01;1.2000000000000000e+01;8.6512153016759619e-01;1.5907578211804302e-02;6.7836079736298075e-03;2.6604510704517012e-02;9.3439815005461335e-01;9.3311274402671052e-01;9.3561126183398680e-01;-6.1680022712439862e-03;-1.5560565479933688e-02;4.9205648579491133e-03;3.3289249553924566e-02;2.3527586550405953e-02;4.4753061867065118e-02
