"meta";"N_LHS";"size";"kl_dimension";"N_KL_Young";"N_KL_Diam";"R2";"SI_E";"SI_E_lb";"SI_E_ub";"SI_D";"SI_D_lb";"SI_D_ub";"SI_FP";"SI_FP_lb";"SI_FP_ub";"SI_FN";"SI_FN_lb";"SI_FN_ub"
0.0000000000000000e+00;-1.0000000000000000e+00;1.0000000000000000e+03;3.3000000000000000e+01;2.2000000000000000e+01;9.0000000000000000e+00;-1.0000000000000000e+00;4.8360000000000000e-02;-2.1409999999999998e-02;1.2293999999999999e-01;9.7006999999999999e-01;9.6450000000000002e-01;9.7433000000000003e-01;3.7100000000000001e-02;-3.4610000000000002e-02;1.1427000000000000e-01;5.1549999999999999e-02;-1.8159999999999999e-02;1.2903000000000001e-01
1.0000000000000000e+00;2.5000000000000000e+01;5.0000000000000000e+04;3.3000000000000000e+01;2.2000000000000000e+01;9.0000000000000000e+00;8.2784695056018709e-01;9.1579618908210949e-03;-4.3781683601169645e-04;2.0117895834299914e-02;9.9056819340003344e-01;9.9040889341143734e-01;9.9073021120409399e-01;5.1990749062698887e-03;-4.2673985217493290e-03;1.5572272705642131e-02;5.6513145636628345e-03;-3.7736873754736122e-03;1.5975985236198805e-02
1.0000000000000000e+00;5.0000000000000000e+01;5.0000000000000000e+04;3.3000000000000000e+01;2.2000000000000000e+01;9.0000000000000000e+00;8.2784695056018709e-01;1.2988981227134391e-02;4.4323188867957126e-03;2.0308254588767994e-02;9.8397683965467642e-01;9.8368364139339715e-01;9.8432444854072554e-01;4.1343157015350405e-03;-4.4164865016523350e-03;1.1413783773337636e-02;6.5536954202759798e-03;-1.8471276675803665e-03;1.3670298763942042e-02
1.0000000000000000e+00;1.0000000000000000e+02;5.0000000000000000e+04;3.3000000000000000e+01;2.2000000000000000e+01;9.0000000000000000e+00;8.2784695056018709e-01;1.6782722581361077e-02;7.5689968064451872e-03;2.6456882139151931e-02;9.7998218371971157e-01;9.7956438729840190e-01;9.8040962797685227e-01;4.9529859489553353e-03;-4.1065420948784345e-03;1.4163566929836042e-02;1.0024483244597336e-02;1.1083671051357346e-03;1.9173960480179959e-02
