"meta";"N_LHS";"size";"kl_dimension";"N_KL_Young";"N_KL_Diam";"R2";"SI_E";"SI_E_lb";"SI_E_ub";"SI_D";"SI_D_lb";"SI_D_ub";"SI_FP";"SI_FP_lb";"SI_FP_ub";"SI_FN";"SI_FN_lb";"SI_FN_ub"
0.0000000000000000e+00;-1.0000000000000000e+00;1.0000000000000000e+03;2.4000000000000000e+01;1.3000000000000000e+01;9.0000000000000000e+00;-1.0000000000000000e+00;2.6339999999999999e-02;-4.0579999999999998e-02;9.8519999999999996e-02;3.3745000000000003e-01;2.8269000000000000e-01;3.9806000000000002e-01;1.5380000000000000e-02;-5.0779999999999999e-02;8.7859999999999994e-02;6.6193999999999997e-01;6.2112000000000001e-01;7.0379000000000003e-01
1.0000000000000000e+00;2.5000000000000000e+01;5.0000000000000000e+04;2.4000000000000000e+01;1.3000000000000000e+01;9.0000000000000000e+00;9.3357077699881241e-01;4.9582956313251160e-03;-4.0168026174327680e-03;1.6008153481361309e-02;3.4841205687886312e-01;3.4085319580541107e-01;3.5821818356732377e-01;-3.8989346549364846e-03;-1.2887663883703021e-02;6.9501689217835736e-03;6.1416431718260767e-01;6.0812266097931633e-01;6.2036598829633216e-01
1.0000000000000000e+00;5.0000000000000000e+01;5.0000000000000000e+04;2.4000000000000000e+01;1.3000000000000000e+01;9.0000000000000000e+00;9.3357077699881241e-01;1.1785555532138569e-02;4.5180937982617248e-04;2.0753110119563174e-02;3.0464518132686180e-01;2.9531083888643977e-01;3.1365368089256079e-01;-3.2410184193086330e-03;-1.4257622783622175e-02;5.9749011085336355e-03;6.5744040246855884e-01;6.5133562551434143e-01;6.6299212434287402e-01
1.0000000000000000e+00;1.0000000000000000e+02;5.0000000000000000e+04;2.4000000000000000e+01;1.3000000000000000e+01;9.0000000000000000e+00;9.3357077699881241e-01;8.2379093101194439e-03;-3.1752138850678312e-03;1.9406339311618333e-02;3.2548310000591119e-01;3.1531668462084067e-01;3.3633823679031438e-01;-2.9860994283125758e-03;-1.4518184552094436e-02;8.2482663684003855e-03;6.5311709675877549e-01;6.4724386306572301e-01;6.5824659602933366e-01
