"meta";"N_LHS";"size";"kl_dimension";"N_KL_Young";"N_KL_Diam";"R2";"SI_E";"SI_E_lb";"SI_E_ub";"SI_D";"SI_D_lb";"SI_D_ub";"SI_FP";"SI_FP_lb";"SI_FP_ub";"SI_FN";"SI_FN_lb";"SI_FN_ub"
0.0000000000000000e+00;-1.0000000000000000e+00;1.0000000000000000e+03;1.7000000000000000e+01;7.0000000000000000e+00;8.0000000000000000e+00;-1.0000000000000000e+00;8.4900000000000003e-02;2.3340000000000000e-02;1.7030000000000001e-01;8.9656000000000002e-01;8.7817999999999996e-01;9.1298999999999997e-01;4.2720000000000001e-02;-2.1280000000000000e-02;1.3197999999999999e-01;8.5129999999999997e-02;1.6789999999999999e-02;1.7632999999999999e-01
1.0000000000000000e+00;2.5000000000000000e+01;5.0000000000000000e+04;1.7000000000000000e+01;7.0000000000000000e+00;8.0000000000000000e+00;9.1328092190546417e-01;4.1444470195370620e-02;3.2062559937289528e-02;5.2416135251191265e-02;9.3369275883020308e-01;9.3239357584694538e-01;9.3480676619689762e-01;7.0037554882155443e-04;-7.6245618483733969e-03;1.0385949328055175e-02;2.1904650463347723e-02;1.3463769433194323e-02;3.1776373932948493e-02
1.0000000000000000e+00;5.0000000000000000e+01;5.0000000000000000e+04;1.7000000000000000e+01;7.0000000000000000e+00;8.0000000000000000e+00;9.1328092190546417e-01;3.9419913285329941e-02;2.9346859961978097e-02;5.0203806912089942e-02;9.1856884214251844e-01;9.1704257061795347e-01;9.2000489279808262e-01;2.0566991228450118e-04;-9.4041394625986006e-03;1.0356337180118188e-02;3.7523551637558154e-02;2.8114339596128024e-02;4.7360122431654467e-02
1.0000000000000000e+00;1.0000000000000000e+02;5.0000000000000000e+04;1.7000000000000000e+01;7.0000000000000000e+00;8.0000000000000000e+00;9.1328092190546417e-01;4.2198195621253515e-02;3.2581488182909527e-02;5.2505044324210923e-02;9.0895672114645087e-01;9.0724469085172377e-01;9.1126939757020298e-01;8.2336176247425246e-04;-8.9710132274994896e-03;1.1406107072191233e-02;4.6882153716915870e-02;3.7203459388312612e-02;5.6959279612223510e-02
