"meta";"N_LHS";"size";"kl_dimension";"N_KL_Young";"N_KL_Diam";"R2";"SI_E";"SI_E_lb";"SI_E_ub";"SI_D";"SI_D_lb";"SI_D_ub";"SI_FP";"SI_FP_lb";"SI_FP_ub";"SI_FN";"SI_FN_lb";"SI_FN_ub"
0.0000000000000000e+00;-1.0000000000000000e+00;1.0000000000000000e+03;1.7900000000000000e+02;9.4000000000000000e+01;8.3000000000000000e+01;-1.0000000000000000e+00;3.4349000000000002e-01;2.8510000000000002e-01;4.0334999999999999e-01;3.3839000000000002e-01;2.8312999999999999e-01;3.9834000000000003e-01;2.3220000000000001e-02;-4.5999999999999999e-02;8.7220000000000006e-02;2.2381999999999999e-01;1.5734999999999999e-01;2.7500999999999998e-01
1.0000000000000000e+00;2.5000000000000000e+01;5.0000000000000000e+04;1.7900000000000000e+02;9.4000000000000000e+01;8.3000000000000000e+01;-5.2126184440581813e-03;8.4699484304098516e-03;7.7011996421641601e-04;3.2301100719859206e-02;7.4704575408901089e-02;3.6923952946889695e-02;1.3121595435031808e-01;2.0750822756088118e-04;-5.7031548075350503e-03;7.4206401252204512e-03;2.1039478872321294e-04;-5.6213917867398702e-03;7.2945344238271558e-03
1.0000000000000000e+00;5.0000000000000000e+01;5.0000000000000000e+04;1.7900000000000000e+02;9.4000000000000000e+01;8.3000000000000000e+01;-5.2126184440581813e-03;3.2223959995912189e-02;1.7033461278356813e-02;4.7708042800462855e-02;7.1055553075098332e-01;7.0340812208162729e-01;7.1850479946005086e-01;-3.8694763754600086e-04;-1.0440765693133340e-02;1.0226496772526929e-02;-3.8638078571653965e-04;-1.0485608615889331e-02;1.0248612021155651e-02
1.0000000000000000e+00;1.0000000000000000e+02;5.0000000000000000e+04;1.7900000000000000e+02;9.4000000000000000e+01;8.3000000000000000e+01;-5.2126184440581813e-03;3.4457243719544761e-01;3.3510363508893892e-01;3.5331928070744684e-01;3.9351130540117396e-01;3.8576022787659769e-01;4.0204274241469806e-01;5.3428611885905880e-04;-1.0052245532652911e-02;1.0699430282025420e-02;2.3541605576209176e-01;2.2497069375605561e-01;2.4513285861038711e-01
